Manufacturing,,,,,Latest,Latest,Latest,Total,,Total,,Retained,Total Equity,,Latest,Latest,Previous,,Latest,Latest,Previous,,Latest,Latest,,,,,,,Working Cap/,Ret. Earnings/,EBIT/,Market Cap/,Revenue/,,,,,,,,,
,,,,,Altman,,Quarter,Fiscal,Fiscal,Current,Total,Current,Total,Earnings/,Attributable,Working,Fiscal Year,YTD,YTD,LTM,Fiscal Year,YTD,YTD,LTM,Shares,Share,Market,X1,X2,X3,X4,X5,Total Assets,Total Assets,Total Assets,Total Liabilities,Total Assets,X1,X2,X3,X4,X5,Altman,
Rank,Ticker,Company,Sector,Industry,Z-Score,Risk,Ended,Quarter,Year,Assets,Assets,Liabilities,Liabilities,(Deficit),to Parent,Capital,Revenue,Revenue,Revenue,Revenue,Op. Income,Op. Income,Op. Income,Revenue,Outstanding,Price,Cap,Coefficient,Coefficient,Coefficient,Coefficient,Coefficient,(X1),(X2),(X3),(X4),(X5),Score,Score,Score,Score,Score,Z-Score,Risk
,,,,,,,,,,,,,,,,,,,,,,,,,,,,,,,,,,,,,,,,,,,,
1,ABMD,ABIOMED INC,Manufacturing,Healthcare Products, 56.98 , Low ,2020-03-31,4,2020, 635.9 ," 1,216.5 ", 131.9 , 151.0 , 602.5 ," 1,065.5 ", 504.0 , 840.9 , 840.9 , 769.4 , 840.9 , 249.2 , 249.2 , 224.8 , 249.2 , 45.8 ,298.91," 13,694.86 ", 1.20 , 1.40 , 3.30 , 0.60 , 1.00 , 0.414 , 0.495 , 0.205 , 90.697 , 0.691 , 0.50 , 0.69 , 0.68 , 54.42 , 0.69 , 56.98 , Low 
2,ISRG,INTUITIVE SURGICAL INC,Manufacturing,Healthcare Products, 38.67 , Low ,2020-06-30,2,2020," 5,899.0 "," 10,103.6 ", 924.8 ," 1,337.2 "," 2,633.0 "," 8,740.5 "," 4,974.2 "," 4,478.5 "," 1,951.6 "," 2,072.6 "," 4,357.5 "," 1,374.5 ", 363.6 , 611.2 ," 1,126.9 ", 119.7 ,687.39," 82,280.58 ", 1.20 , 1.40 , 3.30 , 0.60 , 1.00 , 0.492 , 0.261 , 0.112 , 61.532 , 0.431 , 0.59 , 0.36 , 0.37 , 36.92 , 0.43 , 38.67 , Low 
3,MNST,MONSTER BEVERAGE CORP,Manufacturing,"Food, Beverage & Tobacco", 28.69 , Low ,2020-03-31,1,2020," 2,048.7 "," 4,881.5 ", 701.5 ," 1,010.6 "," 5,301.3 "," 3,870.9 "," 1,347.2 "," 4,200.8 "," 1,062.1 ", 946.0 ," 4,316.9 "," 1,402.9 ", 365.0 , 311.5 ," 1,456.5 ", 540.5 ,77.82," 42,063.11 ", 1.20 , 1.40 , 3.30 , 0.60 , 1.00 , 0.276 , 1.086 , 0.298 , 41.624 , 0.884 , 0.33 , 1.52 , 0.98 , 24.97 , 0.88 , 28.69 , Low 
4,IPGP,IPG PHOTONICS CORP,Manufacturing,Technology Hardware, 20.52 , Low ,2020-03-31,1,2020," 1,874.5 "," 2,680.1 ", 195.4 , 324.2 ," 2,065.0 "," 2,355.1 "," 1,679.1 "," 1,314.6 ", 249.2 , 315.0 ," 1,248.8 ", 246.6 , 25.2 , 69.9 , 201.9 , 53.7 ,180.97," 9,713.75 ", 1.20 , 1.40 , 3.30 , 0.60 , 1.00 , 0.626 , 0.770 , 0.075 , 29.962 , 0.466 , 0.75 , 1.08 , 0.25 , 17.98 , 0.47 , 20.52 , Low 
5,VRTX,VERTEX PHARMACEUTICALS INC / MA,Manufacturing,Healthcare Products, 19.65 , Low ,2020-03-31,1,2020," 5,446.4 "," 8,893.2 "," 1,538.8 "," 2,431.5 "," (1,250.2)"," 6,461.7 "," 3,907.7 "," 4,162.8 "," 1,515.1 ", 858.4 ," 4,819.5 "," 1,197.6 ", 720.2 , 276.8 ," 1,641.0 ", 263.5 ,279.4," 73,626.09 ", 1.20 , 1.40 , 3.30 , 0.60 , 1.00 , 0.439 , (0.141), 0.185 , 30.280 , 0.542 , 0.53 , (0.20), 0.61 , 18.17 , 0.54 , 19.65 , Low 
6,SWKS,"SKYWORKS SOLUTIONS, INC.",Manufacturing,Technology Hardware, 19.26 , Low ,2020-06-26,3,2020," 2,337.4 "," 5,072.4 ", 401.1 , 890.0 ," 4,657.0 "," 4,182.4 "," 1,936.3 "," 3,376.8 "," 2,398.9 "," 2,549.4 "," 3,226.3 ", 952.0 , 624.2 , 718.1 , 858.1 , 170.3 ,142.19," 24,214.96 ", 1.20 , 1.40 , 3.30 , 0.60 , 1.00 , 0.382 , 0.918 , 0.169 , 27.208 , 0.636 , 0.46 , 1.29 , 0.56 , 16.32 , 0.64 , 19.26 , Low 
7,NVDA,NVIDIA CORP,Manufacturing,Technology Hardware, 18.46 , Low ,2020-04-26,1,2021," 19,584.0 "," 23,254.0 "," 1,903.0 "," 10,155.0 "," 15,790.0 "," 13,099.0 "," 17,681.0 "," 10,918.0 "," 3,080.0 "," 2,220.0 "," 11,778.0 "," 2,846.0 ", 976.0 , 358.0 ," 3,464.0 ", 622.0 ,424.56," 264,076.32 ", 1.20 , 1.40 , 3.30 , 0.60 , 1.00 , 0.760 , 0.679 , 0.149 , 26.005 , 0.506 , 0.91 , 0.95 , 0.49 , 15.60 , 0.51 , 18.46 , Low 
8,WST,WEST PHARMACEUTICAL SERVICES INC,Manufacturing,Healthcare Products, 18.14 , Low ,2020-06-30,2,2020," 1,110.6 "," 2,392.3 ", 375.2 , 786.0 ," 1,703.0 "," 1,606.3 ", 735.4 ," 1,839.9 "," 1,018.7 ", 913.2 ," 1,945.4 ", 296.6 , 191.6 , 151.2 , 337.0 , 75.5 ,268.96," 20,306.48 ", 1.20 , 1.40 , 3.30 , 0.60 , 1.00 , 0.307 , 0.712 , 0.141 , 25.835 , 0.813 , 0.37 , 1.00 , 0.46 , 15.50 , 0.81 , 18.14 , Low 
9,AMD,ADVANCED MICRO DEVICES INC,Manufacturing,Technology Hardware, 18.18 , Low ,2020-06-27,2,2020," 5,109.0 "," 6,583.0 "," 2,434.0 "," 3,278.0 "," (6,776.0)"," 3,305.0 "," 2,675.0 "," 6,731.0 "," 3,718.0 "," 2,803.0 "," 7,646.0 ", 631.0 , 350.0 , 97.0 , 884.0 ," 1,225.0 ",78.2," 95,795.00 ", 1.20 , 1.40 , 3.30 , 0.60 , 1.00 , 0.406 , (1.029), 0.134 , 29.224 , 1.161 , 0.49 , (1.44), 0.44 , 17.53 , 1.16 , 18.18 , Low 
10,INCY,INCYTE CORP,Manufacturing,Healthcare Products, 15.88 , Low ,2020-03-31,1,2020," 1,716.2 "," 2,752.4 ", 503.4 , 814.7 ," (2,151.4)"," 1,937.7 "," 1,212.8 "," 2,158.8 ", 568.5 , 497.9 ," 2,229.4 ", 402.0 , (664.0), 74.1 , (336.1), 216.7 ,100.51," 21,782.63 ", 1.20 , 1.40 , 3.30 , 0.60 , 1.00 , 0.441 , (0.782), (0.122), 26.737 , 0.810 , 0.53 , (1.09), (0.40), 16.04 , 0.81 , 15.88 , Low 
11,ILMN,"ILLUMINA, INC.",Manufacturing,Healthcare Products, 15.23 , Low ,2020-03-29,1,2020," 4,324.0 "," 7,261.0 "," 1,054.0 "," 2,626.0 "," 4,240.0 "," 4,635.0 "," 3,270.0 "," 3,543.0 ", 859.0 , 846.0 ," 3,556.0 ", 985.0 , 189.0 , 204.0 , 970.0 , 148.0 ,382.78," 56,651.44 ", 1.20 , 1.40 , 3.30 , 0.60 , 1.00 , 0.450 , 0.584 , 0.134 , 21.573 , 0.490 , 0.54 , 0.82 , 0.44 , 12.94 , 0.49 , 15.23 , Low 
12,ALGN,ALIGN TECHNOLOGY INC,Manufacturing,Healthcare Products, 14.58 , Low ,2020-03-31,1,2020," 1,576.5 "," 3,964.8 ", 910.7 ," 1,111.9 "," 1,958.0 "," 2,853.0 ", 665.8 ," 2,406.8 ", 551.0 , 549.0 ," 2,408.8 ", 565.5 , 69.9 , 87.7 , 547.7 , 79.0 ,296.13," 23,402.56 ", 1.20 , 1.40 , 3.30 , 0.60 , 1.00 , 0.168 , 0.494 , 0.138 , 21.048 , 0.608 , 0.20 , 0.69 , 0.46 , 12.63 , 0.61 , 14.58 , Low 
13,REGN,"REGENERON PHARMACEUTICALS, INC.",Manufacturing,Healthcare Products, 14.28 , Low ,2020-03-31,1,2020," 8,644.1 "," 15,757.5 "," 2,055.2 "," 3,624.5 "," 8,004.4 "," 12,133.0 "," 6,588.9 "," 7,863.4 "," 1,828.2 "," 1,372.6 "," 8,319.0 "," 2,209.8 ", 700.1 , 480.0 ," 2,429.9 ", 115.1 ,631.47," 72,682.20 ", 1.20 , 1.40 , 3.30 , 0.60 , 1.00 , 0.418 , 0.508 , 0.154 , 20.053 , 0.528 , 0.50 , 0.71 , 0.51 , 12.03 , 0.53 , 14.28 , Low 
14,IDXX,IDEXX LABORATORIES INC /DE,Manufacturing,Healthcare Products, 14.42 , Low ,2020-03-31,1,2020, 721.4 ," 1,886.2 ", 846.2 ," 1,778.2 "," 1,705.6 ", 107.7 , (124.9)," 2,406.9 ", 626.3 , 576.1 ," 2,457.2 ", 552.8 , 144.3 , 133.1 , 564.0 , 86.7 ,374.1," 32,436.34 ", 1.20 , 1.40 , 3.30 , 0.60 , 1.00 , (0.066), 0.904 , 0.299 , 18.241 , 1.303 , (0.08), 1.27 , 0.99 , 10.94 , 1.30 , 14.42 , Low 
15,EW,EDWARDS LIFESCIENCES CORP,Manufacturing,Healthcare Products, 13.78 , Low ,2020-06-30,2,2020," 2,690.3 "," 6,424.1 ", 873.2 ," 2,585.0 "," 3,930.3 "," 3,839.1 "," 1,817.1 "," 4,348.0 "," 2,053.7 "," 2,079.9 "," 4,321.8 "," 1,146.8 ", 188.4 , 541.7 , 793.5 , 627.7 ,78.95," 49,556.92 ", 1.20 , 1.40 , 3.30 , 0.60 , 1.00 , 0.283 , 0.612 , 0.124 , 19.171 , 0.673 , 0.34 , 0.86 , 0.41 , 11.50 , 0.67 , 13.78 , Low 
16,TXN,TEXAS INSTRUMENTS INC,Manufacturing,Technology Hardware, 12.92 , Low ,2020-06-30,2,2020," 8,488.0 "," 17,445.0 "," 2,163.0 "," 9,801.0 "," 40,780.0 "," 7,644.0 "," 6,325.0 "," 14,383.0 "," 6,568.0 "," 7,262.0 "," 13,689.0 "," 6,011.0 "," 2,572.0 "," 3,044.0 "," 5,539.0 ", 935.0 ,128.89," 120,512.15 ", 1.20 , 1.40 , 3.30 , 0.60 , 1.00 , 0.363 , 2.338 , 0.318 , 12.296 , 0.785 , 0.44 , 3.27 , 1.05 , 7.38 , 0.78 , 12.92 , Low 
17,DXCM,DEXCOM INC,Manufacturing,Healthcare Products, 12.79 , Low ,2020-06-30,2,2020," 3,033.0 "," 3,521.8 ", 400.1 ," 2,167.9 ", (629.5)," 1,353.9 "," 2,632.9 "," 1,476.0 ", 856.9 , 616.9 ," 1,716.0 ", 142.3 , 101.4 , (15.2), 258.9 , 95.6 ,431.36," 41,238.02 ", 1.20 , 1.40 , 3.30 , 0.60 , 1.00 , 0.748 , (0.179), 0.074 , 19.022 , 0.487 , 0.90 , (0.25), 0.24 , 11.41 , 0.49 , 12.79 , Low 
18,HRL,HORMEL FOODS CORP /DE/,Manufacturing,"Food, Beverage & Tobacco", 10.22 , Low ,2020-04-26,2,2020," 2,248.9 "," 8,395.2 "," 1,324.6 "," 2,229.0 "," 6,336.9 "," 6,162.1 ", 924.3 ," 9,497.3 "," 4,806.9 "," 4,705.1 "," 9,599.1 "," 1,157.1 ", 556.3 , 593.9 ," 1,119.5 ", 545.6 ,50.75," 27,688.90 ", 1.20 , 1.40 , 3.30 , 0.60 , 1.00 , 0.110 , 0.755 , 0.133 , 12.422 , 1.143 , 0.13 , 1.06 , 0.44 , 7.45 , 1.14 , 10.22 , Low 
19,GRMN,GARMIN LTD,Manufacturing,Technology Hardware, 9.96 , Low ,2020-06-27,2,2020," 3,258.4 "," 6,220.0 "," 1,163.9 "," 1,479.2 "," 3,107.8 "," 4,740.9 "," 2,094.5 "," 3,757.5 "," 1,726.0 "," 1,720.9 "," 3,762.6 ", 945.6 , 365.9 , 407.6 , 903.9 , 191.6 ,100.01," 19,165.92 ", 1.20 , 1.40 , 3.30 , 0.60 , 1.00 , 0.337 , 0.500 , 0.145 , 12.957 , 0.605 , 0.40 , 0.70 , 0.48 , 7.77 , 0.60 , 9.96 , Low 
20,MTD,METTLER TOLEDO INTERNATIONAL INC/,Manufacturing,Technology Hardware, 10.41 , Low ,2020-06-30,2,2020, 989.8 ," 2,679.6 ", 702.8 ," 2,229.6 "," 4,720.5 ", 450.1 , 287.0 ," 3,008.7 "," 1,339.8 "," 1,410.8 "," 2,937.7 ", 712.6 , 287.3 , 296.6 , 703.3 , 24.3 ,895.17," 21,744.86 ", 1.20 , 1.40 , 3.30 , 0.60 , 1.00 , 0.107 , 1.762 , 0.262 , 9.753 , 1.096 , 0.13 , 2.47 , 0.87 , 5.85 , 1.10 , 10.41 , Low 
21,XLNX,XILINX INC,Manufacturing,Technology Hardware, 9.25 , Low ,2020-03-28,4,2020," 2,909.1 "," 4,693.3 "," 1,085.7 "," 2,378.3 "," 1,187.8 "," 2,315.0 "," 1,823.5 "," 3,162.7 "," 3,162.7 "," 3,059.0 "," 3,162.7 ", 791.9 , 791.9 , 956.8 , 791.9 , 254.9 ,111.87," 28,520.47 ", 1.20 , 1.40 , 3.30 , 0.60 , 1.00 , 0.389 , 0.253 , 0.169 , 11.992 , 0.674 , 0.47 , 0.35 , 0.56 , 7.20 , 0.67 , 9.25 , Low 
22,MXIM,MAXIM INTEGRATED PRODUCTS INC,Manufacturing,Technology Hardware, 8.42 , Low ,2020-03-28,3,2020," 2,310.0 "," 3,548.9 ", 387.9 ," 1,929.0 "," 1,632.3 "," 1,619.9 "," 1,922.1 "," 2,314.3 "," 1,646.0 "," 1,757.8 "," 2,202.6 ", 752.7 , 513.1 , 577.4 , 688.4 , 273.2 ,69.01," 18,852.63 ", 1.20 , 1.40 , 3.30 , 0.60 , 1.00 , 0.542 , 0.460 , 0.194 , 9.773 , 0.621 , 0.65 , 0.64 , 0.64 , 5.86 , 0.62 , 8.42 , Low 
23,WAT,WATERS CORP /DE/,Manufacturing,Technology Hardware, 8.29 , Low ,2020-06-27,2,2020," 1,269.4 "," 2,648.3 ", 697.3 ," 2,840.0 "," 6,762.9 ", (191.7), 572.1 ," 2,406.6 ", 984.9 ," 1,113.0 "," 2,278.5 ", 708.5 , 223.4 , 298.8 , 633.0 , 62.4 ,212.76," 13,277.08 ", 1.20 , 1.40 , 3.30 , 0.60 , 1.00 , 0.216 , 2.554 , 0.239 , 4.675 , 0.860 , 0.26 , 3.58 , 0.79 , 2.80 , 0.86 , 8.29 , Low 
24,SNPS,SYNOPSYS INC,Manufacturing,Technology Hardware, 7.38 , Low ,2020-04-30,2,2020," 1,960.8 "," 7,322.5 "," 2,054.2 "," 3,041.5 "," 3,356.5 "," 4,275.1 ", (93.4)," 3,360.7 "," 1,695.7 "," 1,656.6 "," 3,399.8 ", 520.2 , 213.4 , 262.9 , 470.7 , 154.5 ,199.34," 30,792.25 ", 1.20 , 1.40 , 3.30 , 0.60 , 1.00 , (0.013), 0.458 , 0.064 , 10.124 , 0.464 , (0.02), 0.64 , 0.21 , 6.07 , 0.46 , 7.38 , Low 
25,ITW,ILLINOIS TOOL WORKS INC,Manufacturing,Industrial Goods, 7.28 , Low ,2020-03-31,1,2020," 5,506.0 "," 14,149.0 "," 2,032.0 "," 11,865.0 "," 22,631.0 "," 2,283.0 "," 3,474.0 "," 14,109.0 "," 3,228.0 "," 3,552.0 "," 13,785.0 "," 3,402.0 ", 761.0 , 839.0 ," 3,324.0 ", 319.7 ,185.67," 59,358.70 ", 1.20 , 1.40 , 3.30 , 0.60 , 1.00 , 0.246 , 1.599 , 0.235 , 5.003 , 0.974 , 0.29 , 2.24 , 0.78 , 3.00 , 0.97 , 7.28 , Low 
26,LRCX,LAM RESEARCH CORP,Manufacturing,Technology Hardware, 7.31 , Low ,2020-03-29,3,2020," 9,408.8 "," 12,938.6 "," 2,105.7 "," 8,389.5 "," 10,991.0 "," 4,537.6 "," 7,303.1 "," 9,653.6 "," 7,252.9 "," 7,292.4 "," 9,614.0 "," 2,464.7 "," 1,918.1 "," 1,847.6 "," 2,535.2 ", 149.6 ,378.54," 56,647.75 ", 1.20 , 1.40 , 3.30 , 0.60 , 1.00 , 0.564 , 0.849 , 0.196 , 6.752 , 0.743 , 0.68 , 1.19 , 0.65 , 4.05 , 0.74 , 7.31 , Low 
27,ZTS,ZOETIS INC.,Manufacturing,Healthcare Products, 6.92 , Low ,2020-03-31,1,2020," 4,772.0 "," 11,528.0 "," 1,721.0 "," 8,775.0 "," 4,764.0 "," 2,753.0 "," 3,051.0 "," 6,260.0 "," 1,534.0 "," 1,455.0 "," 6,339.0 "," 1,967.0 ", 530.0 , 423.0 ," 2,074.0 ", 479.0 ,149.11," 71,423.69 ", 1.20 , 1.40 , 3.30 , 0.60 , 1.00 , 0.265 , 0.413 , 0.180 , 8.139 , 0.550 , 0.32 , 0.58 , 0.59 , 4.88 , 0.55 , 6.92 , Low 
28,AOS,SMITH A O CORP,Manufacturing,Building Materials, 6.29 , Low ,2020-03-31,1,2020," 1,442.5 "," 2,983.0 ", 699.1 ," 1,366.7 "," 2,336.1 "," 1,616.3 ", 743.4 ," 2,992.7 ", 636.9 , 748.2 ," 2,881.4 ", 465.1 , 65.7 , 108.1 , 422.7 , 162.9 ,48.46," 7,894.02 ", 1.20 , 1.40 , 3.30 , 0.60 , 1.00 , 0.249 , 0.783 , 0.142 , 5.776 , 0.966 , 0.30 , 1.10 , 0.47 , 3.47 , 0.96 , 6.29 , Low 
29,CL,COLGATE PALMOLIVE CO,Manufacturing,Consumer Goods, 6.65 , Low ,2020-06-30,2,2020," 4,212.0 "," 15,141.0 "," 4,580.0 "," 14,409.0 "," 22,731.0 ", 268.0 , (368.0)," 15,693.0 "," 7,994.0 "," 7,750.0 "," 15,937.0 "," 3,446.0 "," 1,857.0 "," 1,715.0 "," 3,588.0 ", 858.6 ,76.87," 66,000.58 ", 1.20 , 1.40 , 3.30 , 0.60 , 1.00 , (0.024), 1.501 , 0.237 , 4.581 , 1.053 , (0.03), 2.10 , 0.78 , 2.75 , 1.05 , 6.65 , Low 
30,IEX,IDEX CORP /DE/,Manufacturing,Industrial Goods, 6.39 , Low ,2020-06-30,2,2020," 1,397.3 "," 4,073.6 ", 401.3 ," 1,812.6 "," 2,712.3 "," 2,261.0 ", 995.9 ," 2,494.6 "," 1,155.7 "," 1,264.3 "," 2,386.0 ", 579.0 , 250.5 , 303.1 , 526.5 , 76.2 ,164.6," 12,542.19 ", 1.20 , 1.40 , 3.30 , 0.60 , 1.00 , 0.244 , 0.666 , 0.129 , 6.920 , 0.586 , 0.29 , 0.93 , 0.43 , 4.15 , 0.59 , 6.39 , Low 
31,AMAT,APPLIED MATERIALS INC /DE,Manufacturing,Technology Hardware, 6.14 , Low ,2020-04-26,2,2020," 12,735.0 "," 21,815.0 "," 4,765.0 "," 12,791.0 "," 25,638.0 "," 9,024.0 "," 7,970.0 "," 14,608.0 "," 8,119.0 "," 7,292.0 "," 15,435.0 "," 3,350.0 "," 1,974.0 "," 1,684.0 "," 3,640.0 ", 925.0 ,64.42," 59,588.50 ", 1.20 , 1.40 , 3.30 , 0.60 , 1.00 , 0.365 , 1.175 , 0.167 , 4.659 , 0.708 , 0.44 , 1.65 , 0.55 , 2.80 , 0.71 , 6.14 , Low 
32,AAPL,APPLE INC.,Manufacturing,Technology Hardware, 5.99 , Low ,2020-06-27,3,2020," 140,065.0 "," 317,344.0 "," 95,318.0 "," 245,062.0 "," 24,136.0 "," 72,282.0 "," 44,747.0 "," 260,174.0 "," 209,817.0 "," 196,134.0 "," 273,857.0 "," 63,930.0 "," 51,513.0 "," 48,305.0 "," 67,138.0 "," 4,404.7 ",384.76," 1,694,750.45 ", 1.20 , 1.40 , 3.30 , 0.60 , 1.00 , 0.141 , 0.076 , 0.212 , 6.916 , 0.863 , 0.17 , 0.11 , 0.70 , 4.15 , 0.86 , 5.99 , Low 
33,CLX,CLOROX CO /DE/,Manufacturing,Consumer Goods, 5.98 , Low ,2020-03-31,3,2020," 1,750.0 "," 5,850.0 "," 1,794.0 "," 5,155.0 "," 3,398.0 ", 695.0 , (44.0)," 6,214.0 "," 4,738.0 "," 4,587.0 "," 6,365.0 "," 1,121.0 ", 864.0 , 804.0 ," 1,181.0 ", 127.2 ,231.26," 29,424.60 ", 1.20 , 1.40 , 3.30 , 0.60 , 1.00 , (0.008), 0.581 , 0.202 , 5.708 , 1.088 , (0.01), 0.81 , 0.67 , 3.42 , 1.09 , 5.98 , Low 
34,NKE,"NIKE, INC.",Manufacturing,Consumer Goods, 5.95 , Low ,2020-05-31,4,2020," 20,556.0 "," 31,342.0 "," 8,284.0 "," 23,287.0 ", (191.0)," 8,055.0 "," 12,272.0 "," 37,403.0 "," 37,403.0 "," 39,117.0 "," 37,403.0 "," 3,115.0 "," 3,115.0 "," 4,772.0 "," 3,115.0 "," 1,591.6 ",96.82," 154,098.71 ", 1.20 , 1.40 , 3.30 , 0.60 , 1.00 , 0.392 , (0.006), 0.099 , 6.617 , 1.193 , 0.47 , (0.01), 0.33 , 3.97 , 1.19 , 5.95 , Low 
35,TDY,TELEDYNE TECHNOLOGIES INC,Manufacturing,Industrial Goods, 5.82 , Low ,2020-06-28,2,2020," 1,483.8 "," 4,738.2 ", 752.2 ," 1,858.3 "," 3,101.9 "," 2,879.9 ", 731.6 ," 3,163.6 "," 1,527.9 "," 1,527.2 "," 3,164.3 ", 499.7 , 219.5 , 233.4 , 485.8 , 37.8 ,304.12," 11,495.74 ", 1.20 , 1.40 , 3.30 , 0.60 , 1.00 , 0.154 , 0.655 , 0.103 , 6.186 , 0.668 , 0.19 , 0.92 , 0.34 , 3.71 , 0.67 , 5.82 , Low 
36,BIO,"BIO-RAD LABORATORIES, INC.",Manufacturing,Healthcare Products, 5.58 , Low ,2020-03-31,1,2020," 2,082.6 "," 8,684.4 ", 869.3 ," 2,391.3 "," 6,156.7 "," 6,293.1 "," 1,213.3 "," 2,311.7 ", 571.6 , 554.0 ," 2,329.3 ", 229.7 , 74.4 , 56.6 , 247.4 , 30.2 ,535.6," 16,172.98 ", 1.20 , 1.40 , 3.30 , 0.60 , 1.00 , 0.140 , 0.709 , 0.028 , 6.763 , 0.268 , 0.17 , 0.99 , 0.09 , 4.06 , 0.27 , 5.58 , Low 
37,PM,PHILIP MORRIS INTERNATIONAL INC.,Manufacturing,"Food, Beverage & Tobacco", 5.49 , Low ,2020-06-30,2,2020," 17,776.0 "," 39,162.0 "," 15,792.0 "," 49,282.0 "," 31,103.0 "," (11,997.0)"," 1,984.0 "," 77,921.0 "," 36,072.0 "," 37,692.0 "," 76,301.0 "," 10,442.0 "," 5,475.0 "," 5,196.0 "," 10,721.0 "," 1,557.0 ",77.45," 120,589.65 ", 1.20 , 1.40 , 3.30 , 0.60 , 1.00 , 0.051 , 0.794 , 0.274 , 2.447 , 1.948 , 0.06 , 1.11 , 0.90 , 1.47 , 1.95 , 5.49 , Low 
38,ROK,"ROCKWELL AUTOMATION, INC",Manufacturing,Industrial Goods, 5.29 , Low ,2020-06-30,3,2020," 2,942.5 "," 7,329.5 "," 2,242.1 "," 6,240.4 "," 6,877.2 ", 770.5 , 700.4 ," 6,694.8 "," 4,759.8 "," 4,964.6 "," 6,490.0 "," 1,361.6 ", 830.5 ," 1,043.8 "," 1,148.3 ", 116.5 ,219.84," 25,611.36 ", 1.20 , 1.40 , 3.30 , 0.60 , 1.00 , 0.096 , 0.938 , 0.157 , 4.104 , 0.885 , 0.11 , 1.31 , 0.52 , 2.46 , 0.88 , 5.29 , Low 
39,ZBRA,ZEBRA TECHNOLOGIES CORP,Manufacturing,Technology Hardware, 5.25 , Low ,2020-06-27,2,2020," 1,094.0 "," 4,607.0 "," 1,389.0 "," 2,804.0 "," 2,421.0 "," 1,803.0 ", (295.0)," 4,485.0 "," 2,008.0 "," 2,163.0 "," 4,330.0 ", 714.0 , 272.0 , 327.0 , 659.0 , 54.1 ,274.95," 14,862.51 ", 1.20 , 1.40 , 3.30 , 0.60 , 1.00 , (0.064), 0.526 , 0.143 , 5.300 , 0.940 , (0.08), 0.74 , 0.47 , 3.18 , 0.94 , 5.25 , Low 
40,EL,ESTEE LAUDER COMPANIES INC,Manufacturing,Consumer Goods, 5.21 , Low ,2020-03-31,3,2020," 9,233.0 "," 18,363.0 "," 5,681.0 "," 14,005.0 "," 10,595.0 "," 4,329.0 "," 3,552.0 "," 14,863.0 "," 11,864.0 "," 11,273.0 "," 15,454.0 "," 2,600.0 "," 1,203.0 "," 2,196.0 "," 1,607.0 ", 367.1 ,193.03," 70,861.31 ", 1.20 , 1.40 , 3.30 , 0.60 , 1.00 , 0.193 , 0.577 , 0.088 , 5.060 , 0.842 , 0.23 , 0.81 , 0.29 , 3.04 , 0.84 , 5.21 , Low 
41,SNA,SNAP-ON INC,Manufacturing,Industrial Goods, 4.95 , Low ,2020-03-28,1,2020," 2,303.1 "," 5,564.3 ", 921.9 ," 2,210.9 "," 4,852.0 "," 3,331.3 "," 1,381.2 "," 4,067.7 ", 852.2 , 921.7 ," 3,998.2 ", 962.3 , 195.8 , 249.5 , 908.6 , 55.0 ,145.3," 7,998.53 ", 1.20 , 1.40 , 3.30 , 0.60 , 1.00 , 0.248 , 0.872 , 0.163 , 3.618 , 0.719 , 0.30 , 1.22 , 0.54 , 2.17 , 0.72 , 4.95 , Low 
42,APH,AMPHENOL CORP /DE/,Manufacturing,Technology Hardware, 4.91 , Low ,2020-06-30,2,2020," 4,618.0 "," 11,203.9 "," 1,785.2 "," 6,403.6 "," 3,419.4 "," 4,738.6 "," 2,832.8 "," 8,225.4 "," 3,849.5 "," 3,973.8 "," 8,101.1 "," 1,644.6 ", 674.3 , 801.1 ," 1,517.8 ", 305.2 ,105.17," 32,097.88 ", 1.20 , 1.40 , 3.30 , 0.60 , 1.00 , 0.253 , 0.305 , 0.135 , 5.012 , 0.723 , 0.30 , 0.43 , 0.45 , 3.01 , 0.72 , 4.91 , Low 
43,BAX,BAXTER INTERNATIONAL INC,Manufacturing,Healthcare Products, 4.75 , Low ,2020-06-30,2,2020," 8,566.0 "," 19,465.0 "," 2,880.0 "," 11,305.0 "," 16,055.0 "," 8,128.0 "," 5,686.0 "," 11,362.0 "," 5,520.0 "," 5,472.0 "," 11,410.0 "," 1,772.0 ", 740.0 , 733.0 ," 1,779.0 ", 517.0 ,86.01," 44,467.17 ", 1.20 , 1.40 , 3.30 , 0.60 , 1.00 , 0.292 , 0.825 , 0.091 , 3.933 , 0.586 , 0.35 , 1.15 , 0.30 , 2.36 , 0.59 , 4.75 , Low 
44,A,"AGILENT TECHNOLOGIES, INC.",Manufacturing,Technology Hardware, 4.83 , Low ,2020-04-30,2,2020," 3,171.0 "," 9,455.0 "," 1,945.0 "," 4,687.0 ", 15.0 ," 4,768.0 "," 1,226.0 "," 5,163.0 "," 2,595.0 "," 2,522.0 "," 5,236.0 ", 941.0 , 317.0 , 466.0 , 792.0 , 313.0 ,95.93," 30,026.09 ", 1.20 , 1.40 , 3.30 , 0.60 , 1.00 , 0.130 , 0.002 , 0.084 , 6.406 , 0.554 , 0.16 , 0.00 , 0.28 , 3.84 , 0.55 , 4.83 , Low 
45,KEYS,"KEYSIGHT TECHNOLOGIES, INC.",Manufacturing,Technology Hardware, 4.90 , Low ,2020-04-30,2,2020," 3,293.0 "," 6,757.0 ", 949.0 ," 3,672.0 "," 2,143.0 "," 3,085.0 "," 2,344.0 "," 4,303.0 "," 1,990.0 "," 2,096.0 "," 4,197.0 ", 711.0 , 305.0 , 306.0 , 710.0 , 190.0 ,98.98," 18,806.20 ", 1.20 , 1.40 , 3.30 , 0.60 , 1.00 , 0.347 , 0.317 , 0.105 , 5.122 , 0.621 , 0.42 , 0.44 , 0.35 , 3.07 , 0.62 , 4.90 , Low 
46,CHD,CHURCH & DWIGHT CO INC /DE/,Manufacturing,Consumer Goods, 4.74 , Low ,2020-03-31,1,2020," 1,828.8 "," 7,485.9 "," 1,769.0 "," 4,668.1 "," 4,408.2 "," 2,817.8 ", 59.8 ," 4,357.7 "," 1,165.2 "," 1,044.7 "," 4,478.2 ", 840.2 , 314.6 , 240.8 , 914.0 , 251.0 ,90.06," 22,605.06 ", 1.20 , 1.40 , 3.30 , 0.60 , 1.00 , 0.008 , 0.589 , 0.122 , 4.842 , 0.598 , 0.01 , 0.82 , 0.40 , 2.91 , 0.60 , 4.74 , Low 
47,PG,PROCTER & GAMBLE CO,Manufacturing,Consumer Goods, 4.76 , Low ,2020-03-31,3,2020," 27,140.0 "," 118,560.0 "," 32,896.0 "," 72,619.0 "," 99,474.0 "," 45,540.0 "," (5,756.0)"," 67,684.0 "," 53,252.0 "," 50,590.0 "," 70,346.0 "," 5,487.0 "," 12,225.0 "," 10,679.0 "," 7,033.0 "," 2,630.3 ",131.42," 345,674.03 ", 1.20 , 1.40 , 3.30 , 0.60 , 1.00 , (0.049), 0.839 , 0.059 , 4.760 , 0.593 , (0.06), 1.17 , 0.20 , 2.86 , 0.59 , 4.76 , Low 
48,ALLE,ALLEGION PLC,Manufacturing,Building Materials, 4.66 , Low ,2020-06-30,2,2020, 977.1 ," 2,833.9 ", 463.7 ," 2,153.9 ", 906.0 , 677.5 , 513.4 ," 2,854.0 "," 1,264.2 "," 1,386.2 "," 2,732.0 ", 565.1 , 125.4 , 253.7 , 436.8 , 93.0 ,97.58," 9,074.94 ", 1.20 , 1.40 , 3.30 , 0.60 , 1.00 , 0.181 , 0.320 , 0.154 , 4.213 , 0.964 , 0.22 , 0.45 , 0.51 , 2.53 , 0.96 , 4.66 , Low 
49,TMO,THERMO FISHER SCIENTIFIC INC.,Manufacturing,Healthcare Products, 4.50 , Low ,2020-06-27,2,2020," 15,775.0 "," 61,593.0 "," 6,013.0 "," 31,718.0 "," 23,860.0 "," 29,875.0 "," 9,762.0 "," 25,542.0 "," 13,147.0 "," 12,441.0 "," 26,248.0 "," 4,594.0 "," 2,297.0 "," 2,416.0 "," 4,475.0 ", 399.0 ,410.56," 163,813.44 ", 1.20 , 1.40 , 3.30 , 0.60 , 1.00 , 0.158 , 0.387 , 0.073 , 5.165 , 0.426 , 0.19 , 0.54 , 0.24 , 3.10 , 0.43 , 4.50 , Low 
50,QRVO,"QORVO, INC.",Manufacturing,Technology Hardware, 4.54 , Low ,2020-06-27,1,2021," 2,079.3 "," 6,882.7 ", 509.3 ," 2,531.4 ", 49.2 ," 4,351.2 "," 1,570.0 "," 3,239.1 ", 787.5 , 775.6 ," 3,251.0 ", 423.2 , 92.7 , 55.2 , 460.7 , 116.8 ,128.67," 15,022.35 ", 1.20 , 1.40 , 3.30 , 0.60 , 1.00 , 0.228 , 0.007 , 0.067 , 5.934 , 0.472 , 0.27 , 0.01 , 0.22 , 3.56 , 0.47 , 4.54 , Low 
51,BIIB,BIOGEN INC.,Manufacturing,Healthcare Products, 4.53 , Low ,2020-06-30,2,2020," 8,493.8 "," 25,511.8 "," 3,447.1 "," 14,222.6 "," 14,466.7 "," 11,308.7 "," 5,046.7 "," 14,377.9 "," 7,215.9 "," 7,106.5 "," 14,487.3 "," 7,339.5 "," 3,893.3 "," 3,571.7 "," 7,661.1 ", 167.0 ,274.86," 45,901.62 ", 1.20 , 1.40 , 3.30 , 0.60 , 1.00 , 0.198 , 0.567 , 0.300 , 3.227 , 0.568 , 0.24 , 0.79 , 0.99 , 1.94 , 0.57 , 4.53 , Low 
52,VAR,VARIAN MEDICAL SYSTEMS INC,Manufacturing,Healthcare Products, 4.56 , Low ,2020-04-03,2,2020," 2,500.9 "," 4,343.9 "," 1,949.7 "," 2,473.2 ", 993.7 ," 1,860.8 ", 551.2 ," 3,225.1 "," 1,623.4 "," 1,520.4 "," 3,328.1 ", 386.2 , 164.9 , 221.5 , 329.6 , 91.6 ,138.32," 12,670.11 ", 1.20 , 1.40 , 3.30 , 0.60 , 1.00 , 0.127 , 0.229 , 0.076 , 5.123 , 0.766 , 0.15 , 0.32 , 0.25 , 3.07 , 0.77 , 4.56 , Low 
53,EMR,EMERSON ELECTRIC CO,Manufacturing,Industrial Goods, 4.47 , Low ,2020-03-31,2,2020," 8,032.0 "," 21,711.0 "," 7,940.0 "," 14,148.0 "," 24,431.0 "," 7,517.0 ", 92.0 ," 18,372.0 "," 8,313.0 "," 8,717.0 "," 17,968.0 "," 3,033.0 "," 1,183.0 "," 1,357.0 "," 2,859.0 ", 612.6 ,62.65," 38,379.39 ", 1.20 , 1.40 , 3.30 , 0.60 , 1.00 , 0.004 , 1.125 , 0.132 , 2.713 , 0.828 , 0.01 , 1.58 , 0.43 , 1.63 , 0.83 , 4.47 , Low 
54,SYK,STRYKER CORP,Manufacturing,Healthcare Products, 4.46 , Low ,2020-03-31,1,2020," 10,736.0 "," 29,440.0 "," 4,162.0 "," 16,325.0 "," 12,024.0 "," 13,115.0 "," 6,574.0 "," 14,884.0 "," 3,588.0 "," 3,516.0 "," 14,956.0 "," 2,713.0 ", 635.0 , 528.0 ," 2,820.0 ", 379.7 ,200.2," 76,015.94 ", 1.20 , 1.40 , 3.30 , 0.60 , 1.00 , 0.223 , 0.408 , 0.096 , 4.656 , 0.508 , 0.27 , 0.57 , 0.32 , 2.79 , 0.51 , 4.46 , Low 
55,JNJ,JOHNSON & JOHNSON,Manufacturing,Consumer Goods, 4.46 , Low ,2020-06-28,2,2020," 45,892.0 "," 158,380.0 "," 36,772.0 "," 95,402.0 "," 113,898.0 "," 62,978.0 "," 9,120.0 "," 82,059.0 "," 39,027.0 "," 40,583.0 "," 80,503.0 "," 19,814.0 "," 9,778.0 "," 9,756.0 "," 19,836.0 "," 2,671.0 ",146.84," 392,209.64 ", 1.20 , 1.40 , 3.30 , 0.60 , 1.00 , 0.058 , 0.719 , 0.125 , 4.111 , 0.508 , 0.07 , 1.01 , 0.41 , 2.47 , 0.51 , 4.46 , Low 
56,KMB,KIMBERLY CLARK CORP,Manufacturing,Consumer Goods, 4.46 , Low ,2020-06-30,2,2020," 5,904.0 "," 16,173.0 "," 6,494.0 "," 15,678.0 "," 7,299.0 ", 268.0 , (590.0)," 18,450.0 "," 9,621.0 "," 9,227.0 "," 18,844.0 "," 2,991.0 "," 1,829.0 "," 1,325.0 "," 3,495.0 ", 342.3 ,151.96," 52,015.91 ", 1.20 , 1.40 , 3.30 , 0.60 , 1.00 , (0.036), 0.451 , 0.216 , 3.318 , 1.165 , (0.04), 0.63 , 0.71 , 1.99 , 1.16 , 4.46 , Low 
57,KLAC,KLA CORP,Manufacturing,Technology Hardware, 4.43 , Low ,2020-03-31,3,2020," 4,318.5 "," 8,845.9 "," 1,653.3 "," 6,520.8 ", 376.7 ," 2,307.4 "," 2,665.2 "," 4,568.9 "," 4,346.8 "," 3,310.5 "," 5,605.3 "," 1,389.4 "," 1,049.0 "," 1,120.5 "," 1,317.9 ", 158.6 ,197.9," 31,384.17 ", 1.20 , 1.40 , 3.30 , 0.60 , 1.00 , 0.301 , 0.043 , 0.149 , 4.813 , 0.634 , 0.36 , 0.06 , 0.49 , 2.89 , 0.63 , 4.43 , Low 
58,HSY,HERSHEY CO,Manufacturing,"Food, Beverage & Tobacco", 4.34 , Low ,2020-06-28,2,2020," 2,902.9 "," 8,911.1 "," 2,214.8 "," 7,155.0 "," 1,516.5 "," 1,753.6 ", 688.1 ," 7,986.3 "," 3,744.6 "," 3,783.7 "," 7,947.2 "," 1,596.0 ", 766.2 , 848.9 ," 1,513.2 ", 209.6 ,145.29," 30,452.20 ", 1.20 , 1.40 , 3.30 , 0.60 , 1.00 , 0.077 , 0.170 , 0.170 , 4.256 , 0.892 , 0.09 , 0.24 , 0.56 , 2.55 , 0.89 , 4.34 , Low 
59,AME,AMETEK INC/,Manufacturing,Industrial Goods, 4.32 , Low ,2020-03-31,1,2020," 2,774.5 "," 10,601.9 "," 1,477.7 "," 5,275.9 "," 6,626.7 "," 5,326.0 "," 1,296.8 "," 5,158.6 "," 1,202.2 "," 1,287.7 "," 5,073.1 "," 1,177.4 ", 232.0 , 283.3 ," 1,126.2 ", 230.9 ,93.9," 21,678.88 ", 1.20 , 1.40 , 3.30 , 0.60 , 1.00 , 0.122 , 0.625 , 0.106 , 4.109 , 0.479 , 0.15 , 0.88 , 0.35 , 2.47 , 0.48 , 4.32 , Low 
60,FLIR,FLIR SYSTEMS INC,Manufacturing,Industrial Goods, 4.24 , Low ,2020-03-31,1,2020," 1,130.5 "," 3,122.2 ", 589.3 ," 1,417.7 "," 1,886.8 "," 1,704.6 ", 541.2 ," 1,887.0 ", 450.9 , 444.7 ," 1,893.2 ", 273.3 , 28.5 , 81.1 , 220.7 , 134.9 ,41.16," 5,553.60 ", 1.20 , 1.40 , 3.30 , 0.60 , 1.00 , 0.173 , 0.604 , 0.071 , 3.917 , 0.606 , 0.21 , 0.85 , 0.23 , 2.35 , 0.61 , 4.24 , Low 
61,COO,"COOPER COMPANIES, INC.",Manufacturing,Healthcare Products, 4.23 , Low ,2020-04-30,2,2020," 1,166.2 "," 6,510.0 "," 1,025.3 "," 2,882.5 "," 3,126.9 "," 3,627.3 ", 140.9 ," 2,653.4 "," 1,171.1 "," 1,282.4 "," 2,542.1 ", 527.7 , 139.7 , 238.8 , 428.6 , 49.7 ,282.7," 14,050.19 ", 1.20 , 1.40 , 3.30 , 0.60 , 1.00 , 0.022 , 0.480 , 0.066 , 4.874 , 0.390 , 0.03 , 0.67 , 0.22 , 2.92 , 0.39 , 4.23 , Low 
62,MMM,3M CO,Manufacturing,Consumer Goods, 4.21 , Low ,2020-06-30,2,2020," 14,106.0 "," 45,079.0 "," 7,282.0 "," 34,164.0 "," 42,759.0 "," 10,857.0 "," 6,824.0 "," 32,136.0 "," 15,251.0 "," 16,034.0 "," 31,353.0 "," 6,060.0 "," 3,014.0 "," 2,830.0 "," 6,244.0 ", 581.2 ,152.12," 88,412.14 ", 1.20 , 1.40 , 3.30 , 0.60 , 1.00 , 0.151 , 0.949 , 0.139 , 2.588 , 0.696 , 0.18 , 1.33 , 0.46 , 1.55 , 0.69 , 4.21 , Low 
63,ABT,ABBOTT LABORATORIES,Manufacturing,Healthcare Products, 4.14 , Low ,2020-06-30,2,2020," 17,221.0 "," 68,776.0 "," 10,959.0 "," 37,978.0 "," 25,669.0 "," 30,578.0 "," 6,262.0 "," 31,904.0 "," 15,054.0 "," 15,514.0 "," 31,444.0 "," 4,532.0 "," 1,430.0 "," 1,945.0 "," 4,017.0 "," 1,782.9 ",101.53," 181,012.96 ", 1.20 , 1.40 , 3.30 , 0.60 , 1.00 , 0.091 , 0.373 , 0.058 , 4.766 , 0.457 , 0.11 , 0.52 , 0.19 , 2.86 , 0.46 , 4.14 , Low 
64,MU,MICRON TECHNOLOGY INC,Manufacturing,Technology Hardware, 4.13 , Low ,2020-05-28,3,2020," 17,899.0 "," 52,005.0 "," 6,185.0 "," 14,087.0 "," 32,402.0 "," 37,820.0 "," 11,714.0 "," 23,406.0 "," 15,379.0 "," 18,536.0 "," 20,249.0 "," 7,376.0 "," 1,846.0 "," 6,726.0 "," 2,496.0 "," 1,131.0 ",50.74," 57,386.94 ", 1.20 , 1.40 , 3.30 , 0.60 , 1.00 , 0.225 , 0.623 , 0.048 , 4.074 , 0.389 , 0.27 , 0.87 , 0.16 , 2.44 , 0.39 , 4.13 , Low 
65,SHW,SHERWIN WILLIAMS CO,Manufacturing,Building Materials, 4.00 , Low ,2020-06-30,2,2020," 4,883.2 "," 20,494.5 "," 4,459.6 "," 16,624.6 "," 8,036.0 "," 3,869.9 ", 423.6 ," 17,900.8 "," 8,750.7 "," 8,918.7 "," 17,732.8 "," 2,321.9 "," 1,341.6 "," 1,177.6 "," 2,485.9 ", 92.4 ,647.63," 59,865.48 ", 1.20 , 1.40 , 3.30 , 0.60 , 1.00 , 0.021 , 0.392 , 0.121 , 3.601 , 0.865 , 0.02 , 0.55 , 0.40 , 2.16 , 0.86 , 4.00 , Low 
66,MRK,"MERCK & CO., INC.",Manufacturing,Healthcare Products, 3.94 , Low ,2020-03-31,1,2020," 26,174.0 "," 84,913.0 "," 23,483.0 "," 58,613.0 "," 48,272.0 "," 26,205.0 "," 2,691.0 "," 46,840.0 "," 12,057.0 "," 10,816.0 "," 48,081.0 "," 11,603.0 "," 3,909.0 "," 3,255.0 "," 12,257.0 "," 2,547.0 ",78.99," 201,187.53 ", 1.20 , 1.40 , 3.30 , 0.60 , 1.00 , 0.032 , 0.568 , 0.144 , 3.432 , 0.566 , 0.04 , 0.80 , 0.48 , 2.06 , 0.57 , 3.94 , Low 
67,CMI,CUMMINS INC,Manufacturing,Automotive, 3.88 , Low ,2020-06-28,2,2020," 9,834.0 "," 20,314.0 "," 6,916.0 "," 12,184.0 "," 14,811.0 "," 7,192.0 "," 2,918.0 "," 23,571.0 "," 8,863.0 "," 12,225.0 "," 20,209.0 "," 2,370.0 ", 726.0 ," 1,459.0 "," 1,637.0 ", 148.8 ,194.48," 28,938.62 ", 1.20 , 1.40 , 3.30 , 0.60 , 1.00 , 0.144 , 0.729 , 0.081 , 2.375 , 0.995 , 0.17 , 1.02 , 0.27 , 1.43 , 0.99 , 3.88 , Low 
68,LMT,LOCKHEED MARTIN CORP,Manufacturing,Industrial Goods, 3.88 , Low ,2020-06-28,2,2020," 19,570.0 "," 49,603.0 "," 14,888.0 "," 45,817.0 "," 18,876.0 "," 3,751.0 "," 4,682.0 "," 59,812.0 "," 31,871.0 "," 28,763.0 "," 62,920.0 "," 8,545.0 "," 4,208.0 "," 4,291.0 "," 8,462.0 ", 281.7 ,381.72," 107,530.52 ", 1.20 , 1.40 , 3.30 , 0.60 , 1.00 , 0.094 , 0.381 , 0.171 , 2.347 , 1.268 , 0.11 , 0.53 , 0.56 , 1.41 , 1.27 , 3.88 , Low 
69,TFX,TELEFLEX INC,Manufacturing,Healthcare Products, 3.76 , Low ,2020-06-28,2,2020," 1,544.6 "," 6,765.1 ", 456.6 ," 3,667.7 ", -   ," 3,097.4 "," 1,088.0 "," 2,595.4 "," 1,197.7 "," 1,266.1 "," 2,526.9 ", 421.2 , 195.9 , 180.0 , 437.1 , 47.2 ,385.17," 18,194.28 ", 1.20 , 1.40 , 3.30 , 0.60 , 1.00 , 0.161 , -   , 0.065 , 4.961 , 0.374 , 0.19 , -   , 0.21 , 2.98 , 0.37 , 3.76 , Low 
70,AVY,AVERY DENNISON CORP,Manufacturing,Consumer Goods, 3.82 , Low ,2020-06-27,2,2020," 2,324.6 "," 5,651.7 "," 1,909.5 "," 4,437.8 "," 3,100.2 "," 1,213.9 ", 415.1 ," 7,070.1 "," 3,251.5 "," 3,535.8 "," 6,785.8 ", 823.7 , 367.6 , 405.7 , 785.6 , 83.9 ,115.13," 9,659.41 ", 1.20 , 1.40 , 3.30 , 0.60 , 1.00 , 0.073 , 0.549 , 0.139 , 2.177 , 1.201 , 0.09 , 0.77 , 0.46 , 1.31 , 1.20 , 3.82 , Low 
71,ADI,ANALOG DEVICES INC,Manufacturing,Technology Hardware, 3.62 , Low ,2020-05-02,2,2020," 2,051.3 "," 21,350.9 "," 1,582.0 "," 9,760.1 "," 6,945.4 "," 11,590.9 ", 469.3 ," 5,991.1 "," 2,620.6 "," 3,067.7 "," 5,544.0 "," 1,710.6 ", 617.4 , 925.5 ," 1,402.5 ", 371.8 ,116.3," 43,238.48 ", 1.20 , 1.40 , 3.30 , 0.60 , 1.00 , 0.022 , 0.325 , 0.066 , 4.430 , 0.260 , 0.03 , 0.46 , 0.22 , 2.66 , 0.26 , 3.62 , Low 
72,LLY,ELI LILLY & CO,Manufacturing,Healthcare Products, 3.49 , Low ,2020-03-31,1,2020," 13,994.2 "," 41,102.8 "," 12,610.2 "," 37,905.6 "," 5,879.4 "," 3,078.8 "," 1,384.0 "," 22,319.5 "," 5,859.8 "," 5,092.2 "," 23,087.1 "," 4,974.3 "," 1,590.8 ", 645.1 ," 5,920.0 ", 911.7 ,153," 139,490.10 ", 1.20 , 1.40 , 3.30 , 0.60 , 1.00 , 0.034 , 0.143 , 0.144 , 3.680 , 0.562 , 0.04 , 0.20 , 0.48 , 2.21 , 0.56 , 3.49 , Low 
73,QCOM,QUALCOMM INC/DE,Manufacturing,Technology Hardware, 3.94 , Low ,2020-06-28,3,2020," 15,558.0 "," 32,328.0 "," 7,914.0 "," 29,022.0 "," 3,081.0 "," 3,306.0 "," 7,644.0 "," 24,273.0 "," 15,185.0 "," 19,459.0 "," 19,999.0 "," 7,667.0 "," 2,803.0 "," 6,967.0 "," 3,503.0 "," 1,150.0 ",107.19," 123,268.50 ", 1.20 , 1.40 , 3.30 , 0.60 , 1.00 , 0.236 , 0.095 , 0.108 , 4.247 , 0.619 , 0.28 , 0.13 , 0.36 , 2.55 , 0.62 , 3.94 , Low 
74,PKG,PACKAGING CORP OF AMERICA,Manufacturing,Consumer Goods, 3.54 , Low ,2020-03-31,1,2020," 2,613.6 "," 7,347.6 ", 744.6 ," 4,197.7 "," 2,771.1 "," 3,149.9 "," 1,869.0 "," 6,964.3 "," 1,708.7 "," 1,733.7 "," 6,939.3 "," 1,045.8 ", 209.7 , 273.4 , 982.1 , 94.3 ,98.28," 9,267.80 ", 1.20 , 1.40 , 3.30 , 0.60 , 1.00 , 0.254 , 0.377 , 0.134 , 2.208 , 0.944 , 0.31 , 0.53 , 0.44 , 1.32 , 0.94 , 3.54 , Low 
75,BWA,BORGWARNER INC,Manufacturing,Automotive, 3.54 , Low ,2020-03-31,1,2020," 3,741.0 "," 9,502.0 "," 2,124.0 "," 4,638.0 "," 6,036.0 "," 4,724.0 "," 1,617.0 "," 10,168.0 "," 2,279.0 "," 2,566.0 "," 9,881.0 "," 1,276.0 ", 191.0 , 264.0 ," 1,203.0 ", 206.2 ,37.11," 7,652.08 ", 1.20 , 1.40 , 3.30 , 0.60 , 1.00 , 0.170 , 0.635 , 0.127 , 1.650 , 1.040 , 0.20 , 0.89 , 0.42 , 0.99 , 1.04 , 3.54 , Low 
76,PKI,PERKINELMER INC,Manufacturing,Healthcare Products, 3.57 , Low ,2020-04-05,1,2020," 1,341.8 "," 6,384.4 ", 730.1 ," 3,624.7 "," 2,836.5 "," 2,759.7 ", 611.7 ," 2,883.7 ", 652.4 , 648.7 ," 2,887.3 ", 362.0 , 44.7 , 53.3 , 353.3 , 111.6 ,118.81," 13,264.42 ", 1.20 , 1.40 , 3.30 , 0.60 , 1.00 , 0.096 , 0.444 , 0.055 , 3.660 , 0.452 , 0.11 , 0.62 , 0.18 , 2.20 , 0.45 , 3.57 , Low 
77,PEP,PEPSICO INC,Manufacturing,"Food, Beverage & Tobacco", 3.58 , Low ,2020-06-13,2,2020," 23,189.0 "," 89,525.0 "," 23,827.0 "," 76,938.0 "," 62,145.0 "," 12,491.0 ", (638.0)," 67,161.0 "," 29,826.0 "," 29,333.0 "," 67,654.0 "," 10,247.0 "," 4,404.0 "," 4,862.0 "," 9,789.0 "," 1,395.0 ",137.69," 192,077.55 ", 1.20 , 1.40 , 3.30 , 0.60 , 1.00 , (0.007), 0.694 , 0.109 , 2.497 , 0.756 , (0.01), 0.97 , 0.36 , 1.50 , 0.75 , 3.58 , Low 
78,TT,TRANE TECHNOLOGIES PLC,Manufacturing,Industrial Goods, 3.54 , Low ,2020-06-30,2,2020," 6,344.7 "," 17,223.6 "," 3,829.2 "," 11,264.1 "," 8,222.1 "," 5,936.9 "," 2,515.5 "," 16,598.9 "," 5,780.1 "," 6,421.3 "," 15,957.7 "," 2,017.6 ", 577.9 , 803.4 ," 1,792.1 ", 242.3 ,110.86," 26,861.38 ", 1.20 , 1.40 , 3.30 , 0.60 , 1.00 , 0.146 , 0.477 , 0.104 , 2.385 , 0.927 , 0.18 , 0.67 , 0.34 , 1.43 , 0.93 , 3.54 , Low 
79,INTC,INTEL CORP,Manufacturing,Technology Hardware, 3.54 , Low ,2020-06-27,2,2020," 44,390.0 "," 152,539.0 "," 22,481.0 "," 70,529.0 "," 57,646.0 "," 82,010.0 "," 21,909.0 "," 71,965.0 "," 39,556.0 "," 32,566.0 "," 78,955.0 "," 22,035.0 "," 12,735.0 "," 8,791.0 "," 25,979.0 "," 4,298.0 ",47.99," 206,261.02 ", 1.20 , 1.40 , 3.30 , 0.60 , 1.00 , 0.144 , 0.378 , 0.170 , 2.924 , 0.518 , 0.17 , 0.53 , 0.56 , 1.75 , 0.52 , 3.54 , Low 
80,TEL,TE CONNECTIVITY LTD.,Manufacturing,Technology Hardware, 3.45 , Low ,2020-06-26,3,2020," 5,319.0 "," 18,840.0 "," 3,727.0 "," 9,696.0 "," 10,125.0 "," 9,036.0 "," 1,592.0 "," 13,448.0 "," 8,911.0 "," 10,148.0 "," 12,211.0 "," 1,978.0 ", 190.0 ," 1,534.0 ", 634.0 , 333.0 ,89.2," 29,703.60 ", 1.20 , 1.40 , 3.30 , 0.60 , 1.00 , 0.085 , 0.537 , 0.034 , 3.063 , 0.648 , 0.10 , 0.75 , 0.11 , 1.84 , 0.65 , 3.45 , Low 
81,DHR,DANAHER CORP /DE/,Manufacturing,Technology Hardware, 3.50 , Low ,2020-07-03,2,2020," 12,343.8 "," 71,268.4 "," 5,599.9 "," 34,995.5 "," 25,373.5 "," 36,261.7 "," 6,743.9 "," 17,911.1 "," 9,640.5 "," 8,664.7 "," 18,886.9 "," 3,269.4 "," 1,542.1 "," 1,531.4 "," 3,280.1 ", 713.1 ,202.14," 144,146.03 ", 1.20 , 1.40 , 3.30 , 0.60 , 1.00 , 0.095 , 0.356 , 0.046 , 4.119 , 0.265 , 0.11 , 0.50 , 0.15 , 2.47 , 0.26 , 3.50 , Low 
82,FBHS,"FORTUNE BRANDS HOME & SECURITY, INC.",Manufacturing,Consumer Goods, 3.55 , Low ,2020-06-30,2,2020," 1,957.3 "," 6,332.3 ", 952.8 ," 3,869.2 "," 1,954.7 "," 2,461.8 "," 1,004.5 "," 5,764.6 "," 2,778.5 "," 2,835.1 "," 5,708.0 ", 698.5 , 328.0 , 338.0 , 688.5 , 139.8 ,76.99," 10,763.20 ", 1.20 , 1.40 , 3.30 , 0.60 , 1.00 , 0.159 , 0.309 , 0.109 , 2.782 , 0.901 , 0.19 , 0.43 , 0.36 , 1.67 , 0.90 , 3.55 , Low 
83,MKC,MCCORMICK & CO INC,Manufacturing,"Food, Beverage & Tobacco", 3.39 , Low ,2020-05-31,2,2020," 1,615.7 "," 10,576.1 "," 1,582.3 "," 6,913.8 "," 2,288.7 "," 3,649.9 ", 33.4 ," 5,347.4 "," 2,613.1 "," 2,533.4 "," 5,427.1 ", 957.7 , 451.6 , 405.0 ," 1,004.3 ", 134.3 ,193.84," 26,032.71 ", 1.20 , 1.40 , 3.30 , 0.60 , 1.00 , 0.003 , 0.216 , 0.095 , 3.765 , 0.513 , 0.00 , 0.30 , 0.31 , 2.26 , 0.51 , 3.39 , Low 
84,HON,HONEYWELL INTERNATIONAL INC,Manufacturing,Industrial Goods, 3.34 , Low ,2020-06-30,2,2020," 28,321.0 "," 63,604.0 "," 17,341.0 "," 45,231.0 "," 39,080.0 "," 18,147.0 "," 10,980.0 "," 36,709.0 "," 15,940.0 "," 18,127.0 "," 34,522.0 "," 6,851.0 "," 2,709.0 "," 3,404.0 "," 6,156.0 ", 712.6 ,149.16," 106,291.42 ", 1.20 , 1.40 , 3.30 , 0.60 , 1.00 , 0.173 , 0.614 , 0.097 , 2.350 , 0.543 , 0.21 , 0.86 , 0.32 , 1.41 , 0.54 , 3.34 , Low 
85,KO,COCA COLA CO,Manufacturing,"Food, Beverage & Tobacco", 3.38 , Low ,2020-06-26,2,2020," 29,371.0 "," 94,689.0 "," 26,848.0 "," 75,500.0 "," 66,888.0 "," 17,484.0 "," 2,523.0 "," 37,266.0 "," 15,751.0 "," 18,691.0 "," 34,326.0 "," 10,086.0 "," 5,119.0 "," 5,018.0 "," 10,187.0 "," 4,321.0 ",47.69," 206,068.49 ", 1.20 , 1.40 , 3.30 , 0.60 , 1.00 , 0.027 , 0.706 , 0.108 , 2.729 , 0.363 , 0.03 , 0.99 , 0.36 , 1.64 , 0.36 , 3.38 , Low 
86,CSCO,"CISCO SYSTEMS, INC.",Manufacturing,Technology Hardware, 3.33 , Low ,2020-04-25,3,2020," 41,307.0 "," 91,394.0 "," 25,937.0 "," 55,686.0 "," (3,874.0)"," 35,708.0 "," 15,370.0 "," 51,904.0 "," 37,147.0 "," 38,476.0 "," 50,575.0 "," 14,219.0 "," 10,373.0 "," 10,529.0 "," 14,063.0 "," 4,258.0 ",46.44," 197,741.52 ", 1.20 , 1.40 , 3.30 , 0.60 , 1.00 , 0.168 , (0.042), 0.154 , 3.551 , 0.553 , 0.20 , (0.06), 0.51 , 2.13 , 0.55 , 3.33 , Low 
87,VFC,V F CORP,Manufacturing,Consumer Goods, 3.30 , Low ,2020-03-28,4,2020," 5,027.0 "," 11,133.3 "," 3,023.9 "," 7,775.9 ", 7.3 ," 3,357.3 "," 2,003.1 "," 10,488.6 "," 10,488.6 "," 10,266.9 "," 10,488.6 ", 927.8 , 927.8 ," 1,190.2 ", 927.8 , 399.9 ,60.5," 24,196.13 ", 1.20 , 1.40 , 3.30 , 0.60 , 1.00 , 0.180 , 0.001 , 0.083 , 3.112 , 0.942 , 0.22 , 0.00 , 0.28 , 1.87 , 0.94 , 3.30 , Low 
88,PNR,PENTAIR PLC,Manufacturing,Industrial Goods, 3.28 , Low ,2020-06-30,2,2020," 1,001.7 "," 4,116.1 ", 750.6 ," 2,166.4 ", 482.5 ," 1,949.7 ", 251.1 ," 2,957.2 "," 1,423.3 "," 1,488.4 "," 2,892.1 ", 432.5 , 211.8 , 201.4 , 442.9 , 167.5 ,42.74," 7,158.95 ", 1.20 , 1.40 , 3.30 , 0.60 , 1.00 , 0.061 , 0.117 , 0.108 , 3.305 , 0.703 , 0.07 , 0.16 , 0.36 , 1.98 , 0.70 , 3.28 , Low 
89,ALXN,"ALEXION PHARMACEUTICALS, INC.",Manufacturing,Healthcare Products, 3.31 , Low ,2020-06-30,2,2020," 5,367.9 "," 16,703.2 "," 1,120.1 "," 6,212.4 "," 4,129.3 "," 10,490.8 "," 4,247.8 "," 4,991.1 "," 2,889.4 "," 2,343.7 "," 5,536.8 "," 2,120.4 ", (632.0)," 1,049.4 ", 439.0 , 221.1 ,104.81," 23,173.49 ", 1.20 , 1.40 , 3.30 , 0.60 , 1.00 , 0.254 , 0.247 , 0.026 , 3.730 , 0.331 , 0.31 , 0.35 , 0.09 , 2.24 , 0.33 , 3.31 , Low 
90,FLS,FLOWSERVE CORP,Manufacturing,Industrial Goods, 3.19 , Low ,2020-06-30,2,2020," 2,430.6 "," 4,755.7 "," 1,088.7 "," 3,065.4 "," 3,643.9 "," 1,662.6 "," 1,341.8 "," 3,944.9 "," 1,819.4 "," 1,880.1 "," 3,884.1 ", 395.6 , 62.2 , 183.3 , 274.4 , 131.2 ,29.94," 3,926.69 ", 1.20 , 1.40 , 3.30 , 0.60 , 1.00 , 0.282 , 0.766 , 0.058 , 1.281 , 0.817 , 0.34 , 1.07 , 0.19 , 0.77 , 0.82 , 3.19 , Low 
91,PCAR,PACCAR INC,Manufacturing,Automotive, 3.14 , Low ,2020-03-31,1,2020," 19,196.9 "," 27,294.7 "," 11,029.0 "," 17,657.3 "," 10,642.2 "," 9,637.4 "," 8,167.9 "," 25,599.7 "," 5,161.7 "," 6,487.6 "," 24,273.8 "," 3,205.4 ", 490.7 , 843.2 ," 2,852.9 ", 347.3 ,84.61," 29,385.05 ", 1.20 , 1.40 , 3.30 , 0.60 , 1.00 , 0.299 , 0.390 , 0.105 , 1.664 , 0.889 , 0.36 , 0.55 , 0.34 , 1.00 , 0.89 , 3.14 , Low 
92,VMC,VULCAN MATERIALS CO,Manufacturing,Building Materials, 3.11 , Low ,2020-03-31,1,2020," 1,276.8 "," 10,629.4 ", 475.7 ," 5,039.1 "," 2,885.1 "," 5,590.3 ", 801.1 ," 4,929.1 "," 1,049.2 ", 996.5 ," 4,981.8 ", 853.7 , 111.3 , 97.1 , 867.9 , 133.3 ,119.68," 15,948.44 ", 1.20 , 1.40 , 3.30 , 0.60 , 1.00 , 0.075 , 0.271 , 0.082 , 3.165 , 0.469 , 0.09 , 0.38 , 0.27 , 1.90 , 0.47 , 3.11 , Low 
93,APTV,APTIV PLC,Manufacturing,Automotive, 3.32 , Low ,2020-06-30,2,2020," 5,412.0 "," 15,280.0 "," 2,859.0 "," 8,154.0 "," 3,984.0 "," 6,942.0 "," 2,553.0 "," 14,357.0 "," 5,186.0 "," 7,202.0 "," 12,341.0 "," 1,276.0 "," 1,308.0 ", 632.0 ," 1,952.0 ", 258.6 ,80.46," 20,806.15 ", 1.20 , 1.40 , 3.30 , 0.60 , 1.00 , 0.167 , 0.261 , 0.128 , 2.552 , 0.808 , 0.20 , 0.37 , 0.42 , 1.53 , 0.81 , 3.32 , Low 
94,XYL,XYLEM INC.,Manufacturing,Industrial Goods, 2.74 , Medium ,2020-06-30,2,2020," 3,301.0 "," 8,444.0 "," 1,373.0 "," 5,579.0 "," 1,838.0 "," 2,856.0 "," 1,928.0 "," 5,249.0 "," 2,283.0 "," 2,582.0 "," 4,950.0 ", 486.0 , 115.0 , 280.0 , 321.0 , 181.0 ,74.67," 13,511.54 ", 1.20 , 1.40 , 3.30 , 0.60 , 1.00 , 0.228 , 0.218 , 0.038 , 2.422 , 0.586 , 0.27 , 0.30 , 0.13 , 1.45 , 0.59 , 2.74 , Medium 
95,LEG,LEGGETT & PLATT INC,Manufacturing,Industrial Goods, 3.11 , Low ,2020-03-31,1,2020," 1,782.0 "," 4,982.0 ", 854.7 ," 3,743.4 "," 2,723.5 "," 1,238.2 ", 927.3 ," 4,752.5 "," 1,045.5 "," 1,155.1 "," 4,642.9 ", 509.8 , 85.1 , 97.4 , 497.5 , 135.6 ,39.79," 5,395.52 ", 1.20 , 1.40 , 3.30 , 0.60 , 1.00 , 0.186 , 0.547 , 0.100 , 1.441 , 0.932 , 0.22 , 0.77 , 0.33 , 0.86 , 0.93 , 3.11 , Low 
96,MDT,MEDTRONIC PLC,Manufacturing,Healthcare Products, 3.05 , Low ,2020-04-24,4,2020," 22,031.0 "," 90,689.0 "," 10,366.0 "," 39,817.0 "," 28,132.0 "," 50,737.0 "," 11,665.0 "," 28,913.0 "," 28,913.0 "," 30,557.0 "," 28,913.0 "," 4,791.0 "," 4,791.0 "," 6,268.0 "," 4,791.0 "," 1,351.1 ",96.47," 130,340.62 ", 1.20 , 1.40 , 3.30 , 0.60 , 1.00 , 0.129 , 0.310 , 0.053 , 3.273 , 0.319 , 0.15 , 0.43 , 0.17 , 1.96 , 0.32 , 3.05 , Low 
97,RL,RALPH LAUREN CORP,Manufacturing,Consumer Goods, 3.07 , Low ,2020-03-28,4,2020," 3,375.2 "," 7,279.9 "," 2,092.0 "," 4,586.8 "," 5,994.0 "," 2,693.1 "," 1,283.2 "," 6,159.8 "," 6,159.8 "," 6,313.0 "," 6,159.8 ", 317.0 , 317.0 , 561.8 , 317.0 , 77.2 ,71.08," 5,487.38 ", 1.20 , 1.40 , 3.30 , 0.60 , 1.00 , 0.176 , 0.823 , 0.044 , 1.196 , 0.846 , 0.21 , 1.15 , 0.14 , 0.72 , 0.85 , 3.07 , Low 
98,LW,"LAMB WESTON HOLDINGS, INC.",Manufacturing,"Food, Beverage & Tobacco", 3.04 , Low ,2020-05-31,4,2020," 2,302.6 "," 4,662.3 "," 1,024.9 "," 4,422.3 "," 1,064.6 ", 240.0 ," 1,277.7 "," 3,792.4 "," 3,792.4 "," 3,756.5 "," 3,792.4 ", 556.9 , 556.9 , 668.4 , 556.9 , 147.1 ,59.32," 8,725.97 ", 1.20 , 1.40 , 3.30 , 0.60 , 1.00 , 0.274 , 0.228 , 0.119 , 1.973 , 0.813 , 0.33 , 0.32 , 0.39 , 1.18 , 0.81 , 3.04 , Low 
99,PH,PARKER HANNIFIN CORP,Manufacturing,Industrial Goods, 3.02 , Low ,2020-03-31,3,2020," 5,481.4 "," 20,365.3 "," 3,673.6 "," 14,057.9 "," 13,348.3 "," 6,296.0 "," 1,807.8 "," 14,320.3 "," 10,534.9 "," 10,638.9 "," 14,216.4 "," 2,072.9 "," 1,302.0 "," 1,522.5 "," 1,852.4 ", 129.9 ,180.52," 23,442.84 ", 1.20 , 1.40 , 3.30 , 0.60 , 1.00 , 0.089 , 0.655 , 0.091 , 1.668 , 0.698 , 0.11 , 0.92 , 0.30 , 1.00 , 0.70 , 3.02 , Low 
100,TSN,"TYSON FOODS, INC.",Manufacturing,"Food, Beverage & Tobacco", 2.94 , Medium ,2020-03-28,2,2020," 7,099.0 "," 33,890.0 "," 4,406.0 "," 19,296.0 "," 14,392.0 "," 14,449.0 "," 2,693.0 "," 42,405.0 "," 21,703.0 "," 20,636.0 "," 43,472.0 "," 2,827.0 "," 1,327.0 "," 1,442.0 "," 2,712.0 ", 366.0 ,61.57," 22,534.62 ", 1.20 , 1.40 , 3.30 , 0.60 , 1.00 , 0.079 , 0.425 , 0.080 , 1.168 , 1.283 , 0.10 , 0.59 , 0.26 , 0.70 , 1.28 , 2.94 , Medium 
101,GILD,GILEAD SCIENCES INC,Manufacturing,Healthcare Products, 2.89 , Medium ,2020-03-31,1,2020," 26,950.0 "," 59,741.0 "," 8,879.0 "," 37,562.0 "," 18,709.0 "," 22,067.0 "," 18,071.0 "," 22,449.0 "," 5,548.0 "," 5,281.0 "," 22,716.0 "," 4,287.0 "," 2,402.0 "," 2,237.0 "," 4,452.0 "," 1,270.0 ",72.33," 91,859.10 ", 1.20 , 1.40 , 3.30 , 0.60 , 1.00 , 0.302 , 0.313 , 0.075 , 2.446 , 0.380 , 0.36 , 0.44 , 0.25 , 1.47 , 0.38 , 2.89 , Medium 
102,PFE,PFIZER INC,Manufacturing,Healthcare Products, 2.87 , Medium ,2020-03-29,1,2020," 34,738.0 "," 166,336.0 "," 33,890.0 "," 100,998.0 "," 101,000.0 "," 65,026.0 ", 848.0 ," 51,750.0 "," 12,028.0 "," 13,118.0 "," 50,660.0 "," 21,260.0 "," 4,105.0 "," 4,414.0 "," 20,951.0 "," 5,613.0 ",38.74," 217,447.62 ", 1.20 , 1.40 , 3.30 , 0.60 , 1.00 , 0.005 , 0.607 , 0.126 , 2.153 , 0.305 , 0.01 , 0.85 , 0.42 , 1.29 , 0.30 , 2.87 , Medium 
103,MLM,MARTIN MARIETTA MATERIALS INC,Manufacturing,Building Materials, 2.83 , Medium ,2020-06-30,2,2020," 1,587.1 "," 10,226.6 ", 595.3 ," 4,733.0 "," 2,201.7 "," 5,491.1 ", 991.8 ," 4,739.1 "," 2,228.9 "," 2,218.4 "," 4,749.6 ", 885.4 , 365.0 , 355.3 , 895.1 , 62.4 ,209.2," 13,054.08 ", 1.20 , 1.40 , 3.30 , 0.60 , 1.00 , 0.097 , 0.215 , 0.088 , 2.758 , 0.464 , 0.12 , 0.30 , 0.29 , 1.65 , 0.46 , 2.83 , Medium 
104,HII,"HUNTINGTON INGALLS INDUSTRIES, INC.",Manufacturing,Industrial Goods, 2.82 , Medium ,2020-03-31,1,2020," 2,137.0 "," 7,615.0 "," 2,080.0 "," 5,972.0 "," 3,139.0 "," 1,643.0 ", 57.0 ," 8,899.0 "," 2,263.0 "," 2,080.0 "," 9,082.0 ", 714.0 , 209.0 , 157.0 , 766.0 , 40.7 ,174.79," 7,113.95 ", 1.20 , 1.40 , 3.30 , 0.60 , 1.00 , 0.007 , 0.412 , 0.101 , 1.191 , 1.193 , 0.01 , 0.58 , 0.33 , 0.71 , 1.19 , 2.82 , Medium 
105,STZ,"CONSTELLATION BRANDS, INC.",Manufacturing,"Food, Beverage & Tobacco", 2.78 , Medium ,2020-05-31,1,2021," 3,396.2 "," 26,149.8 "," 1,752.4 "," 14,772.2 "," 13,374.1 "," 11,066.0 "," 1,643.8 "," 9,113.0 "," 2,131.7 "," 2,282.5 "," 8,962.2 "," 2,080.4 ", 610.0 , 622.7 ," 2,067.7 ", 189.3 ,180.83," 34,223.04 ", 1.20 , 1.40 , 3.30 , 0.60 , 1.00 , 0.063 , 0.511 , 0.079 , 2.317 , 0.343 , 0.08 , 0.72 , 0.26 , 1.39 , 0.34 , 2.78 , Medium 
106,GD,GENERAL DYNAMICS CORP,Manufacturing,Industrial Goods, 2.77 , Medium ,2020-06-28,2,2020," 21,135.0 "," 50,222.0 "," 16,606.0 "," 36,332.0 "," 32,294.0 "," 13,890.0 "," 4,529.0 "," 39,350.0 "," 18,013.0 "," 18,816.0 "," 38,547.0 "," 4,648.0 "," 1,782.0 "," 2,104.0 "," 4,326.0 ", 288.5 ,148.86," 42,948.34 ", 1.20 , 1.40 , 3.30 , 0.60 , 1.00 , 0.090 , 0.643 , 0.086 , 1.182 , 0.768 , 0.11 , 0.90 , 0.28 , 0.71 , 0.77 , 2.77 , Medium 
107,ETN,EATON CORP PLC,Manufacturing,Industrial Goods, 2.70 , Medium ,2020-06-30,2,2020," 8,213.0 "," 30,348.0 "," 5,489.0 "," 16,113.0 "," 6,767.0 "," 14,188.0 "," 2,724.0 "," 21,390.0 "," 8,645.0 "," 10,838.0 "," 19,197.0 "," 2,863.0 ", 631.0 ," 1,437.0 "," 2,057.0 ", 406.2 ,94.46," 38,369.65 ", 1.20 , 1.40 , 3.30 , 0.60 , 1.00 , 0.090 , 0.223 , 0.068 , 2.381 , 0.633 , 0.11 , 0.31 , 0.22 , 1.43 , 0.63 , 2.70 , Medium 
108,DOV,DOVER CORP,Manufacturing,Industrial Goods, 2.68 , Medium ,2020-06-30,2,2020," 2,799.4 "," 9,114.1 "," 2,113.8 "," 6,024.6 ", -   ," 3,089.5 ", 685.7 ," 7,136.4 "," 3,155.1 "," 3,535.5 "," 6,756.0 "," 1,021.8 ", 410.2 , 491.0 , 941.0 , 145.4 ,104.54," 15,195.83 ", 1.20 , 1.40 , 3.30 , 0.60 , 1.00 , 0.075 , -   , 0.103 , 2.522 , 0.741 , 0.09 , -   , 0.34 , 1.51 , 0.74 , 2.68 , Medium 
109,MSI,"MOTOROLA SOLUTIONS, INC.",Manufacturing,Technology Hardware, 2.70 , Medium ,2020-03-28,1,2020," 4,481.0 "," 10,716.0 "," 3,879.0 "," 11,646.0 "," 1,074.0 ", (948.0), 602.0 ," 7,887.0 "," 1,655.0 "," 1,657.0 "," 7,885.0 "," 1,581.0 ", 259.0 , 229.0 ," 1,611.0 ", 175.9 ,139.19," 24,483.52 ", 1.20 , 1.40 , 3.30 , 0.60 , 1.00 , 0.056 , 0.100 , 0.150 , 2.102 , 0.736 , 0.07 , 0.14 , 0.50 , 1.26 , 0.74 , 2.70 , Medium 
110,LKQ,LKQ CORP,Manufacturing,Automotive, 2.70 , Medium ,2020-03-31,1,2020," 4,442.7 "," 12,354.1 "," 1,939.0 "," 7,342.7 "," 4,282.8 "," 4,957.8 "," 2,503.7 "," 12,506.1 "," 3,000.9 "," 3,100.3 "," 12,406.7 ", 896.6 , 241.6 , 237.4 , 900.8 , 306.8 ,29.21," 8,960.37 ", 1.20 , 1.40 , 3.30 , 0.60 , 1.00 , 0.203 , 0.347 , 0.073 , 1.220 , 1.004 , 0.24 , 0.49 , 0.24 , 0.73 , 1.00 , 2.70 , Medium 
111,XRAY,DENTSPLY SIRONA INC.,Manufacturing,Healthcare Products, 2.70 , Medium ,2020-03-31,1,2020," 1,805.2 "," 8,058.4 ", 891.5 ," 3,368.2 "," 1,242.2 "," 4,687.5 ", 913.7 ," 4,029.2 ", 874.3 , 946.2 ," 3,957.3 ", 360.9 , (124.8), 47.3 , 188.8 , 220.9 ,45.24," 9,993.52 ", 1.20 , 1.40 , 3.30 , 0.60 , 1.00 , 0.113 , 0.154 , 0.023 , 2.967 , 0.491 , 0.14 , 0.22 , 0.08 , 1.78 , 0.49 , 2.70 , Medium 
112,MO,"ALTRIA GROUP, INC.",Manufacturing,"Food, Beverage & Tobacco", 2.66 , Medium ,2020-06-30,2,2020," 7,004.0 "," 50,200.0 "," 9,400.0 "," 44,376.0 "," 36,908.0 "," 5,688.0 "," (2,396.0)"," 25,110.0 "," 12,726.0 "," 12,247.0 "," 25,589.0 "," 1,763.0 "," 5,187.0 "," 4,971.0 "," 1,979.0 "," 1,859.0 ",41.58," 77,297.22 ", 1.20 , 1.40 , 3.30 , 0.60 , 1.00 , (0.048), 0.735 , 0.039 , 1.742 , 0.510 , (0.06), 1.03 , 0.13 , 1.05 , 0.51 , 2.66 , Medium 
113,GIS,GENERAL MILLS INC,Manufacturing,"Food, Beverage & Tobacco", 2.60 , Medium ,2020-05-31,4,2020," 5,121.3 "," 30,806.7 "," 7,491.5 "," 21,912.6 "," 15,982.1 "," 8,058.5 "," (2,370.2)"," 17,626.6 "," 17,626.6 "," 16,865.2 "," 17,626.6 "," 3,066.7 "," 3,066.7 "," 2,633.8 "," 3,066.7 ", 613.3 ,63.48," 38,932.28 ", 1.20 , 1.40 , 3.30 , 0.60 , 1.00 , (0.077), 0.519 , 0.100 , 1.777 , 0.572 , (0.09), 0.73 , 0.33 , 1.07 , 0.57 , 2.60 , Medium 
114,CAT,CATERPILLAR INC,Manufacturing,Industrial Goods, 2.59 , Medium ,2020-03-31,1,2020," 37,586.0 "," 75,894.0 "," 26,516.0 "," 61,655.0 "," 35,504.0 "," 14,197.0 "," 11,070.0 "," 53,800.0 "," 10,635.0 "," 13,466.0 "," 50,969.0 "," 9,044.0 "," 1,579.0 "," 2,397.0 "," 8,226.0 ", 551.1 ,136.73," 75,351.90 ", 1.20 , 1.40 , 3.30 , 0.60 , 1.00 , 0.146 , 0.468 , 0.108 , 1.222 , 0.672 , 0.18 , 0.65 , 0.36 , 0.73 , 0.67 , 2.59 , Medium 
115,FTV,FORTIVE CORP,Manufacturing,Technology Hardware, 2.56 , Medium ,2020-06-26,2,2020," 3,250.4 "," 16,705.7 "," 2,876.4 "," 9,298.8 "," 4,187.8 "," 7,395.3 ", 374.0 ," 7,320.0 "," 3,284.7 "," 3,457.6 "," 7,147.1 "," 1,004.1 ", 310.7 , 466.8 , 848.0 , 339.9 ,72.16," 24,527.18 ", 1.20 , 1.40 , 3.30 , 0.60 , 1.00 , 0.022 , 0.251 , 0.051 , 2.638 , 0.428 , 0.03 , 0.35 , 0.17 , 1.58 , 0.43 , 2.56 , Medium 
116,MHK,MOHAWK INDUSTRIES INC,Manufacturing,Building Materials, 2.53 , Medium ,2020-03-28,1,2020," 4,613.0 "," 13,256.9 "," 2,871.3 "," 5,409.3 "," 7,274.1 "," 7,841.4 "," 1,741.7 "," 9,970.7 "," 2,285.8 "," 2,442.5 "," 9,813.9 ", 827.2 , 151.5 , 165.3 , 813.4 , 71.8 ,83.29," 5,978.31 ", 1.20 , 1.40 , 3.30 , 0.60 , 1.00 , 0.131 , 0.549 , 0.061 , 1.105 , 0.740 , 0.16 , 0.77 , 0.20 , 0.66 , 0.74 , 2.53 , Medium 
117,K,KELLOGG CO,Manufacturing,"Food, Beverage & Tobacco", 2.50 , Medium ,2020-03-28,1,2020," 4,290.0 "," 18,240.0 "," 5,595.0 "," 15,028.0 "," 8,010.0 "," 2,674.0 "," (1,305.0)"," 13,578.0 "," 3,412.0 "," 3,522.0 "," 13,468.0 "," 1,401.0 ", 459.0 , 381.0 ," 1,479.0 ", 344.0 ,70.59," 24,282.96 ", 1.20 , 1.40 , 3.30 , 0.60 , 1.00 , (0.072), 0.439 , 0.081 , 1.616 , 0.738 , (0.09), 0.61 , 0.27 , 0.97 , 0.74 , 2.50 , Medium 
118,BSX,BOSTON SCIENTIFIC CORP,Manufacturing,Healthcare Products, 2.43 , Medium ,2020-03-31,1,2020," 4,823.0 "," 30,113.0 "," 3,976.0 "," 16,309.0 "," (2,252.0)"," 13,804.0 ", 847.0 ," 10,735.0 "," 2,543.0 "," 2,493.0 "," 10,785.0 "," 1,517.0 ", 146.0 , 541.0 ," 1,122.0 "," 1,413.5 ",38.94," 55,041.69 ", 1.20 , 1.40 , 3.30 , 0.60 , 1.00 , 0.028 , (0.075), 0.037 , 3.375 , 0.358 , 0.03 , (0.10), 0.12 , 2.02 , 0.36 , 2.43 , Medium 
119,IFF,INTERNATIONAL FLAVORS & FRAGRANCES INC,Manufacturing,"Food, Beverage & Tobacco", 2.44 , Medium ,2020-03-31,1,2020," 2,818.3 "," 12,689.1 "," 1,427.0 "," 6,745.7 "," 4,162.3 "," 5,827.9 "," 1,391.3 "," 5,140.1 "," 1,347.3 "," 1,297.4 "," 5,190.0 ", 667.6 , 197.0 , 163.7 , 700.9 , 113.6 ,124.49," 14,141.32 ", 1.20 , 1.40 , 3.30 , 0.60 , 1.00 , 0.110 , 0.328 , 0.055 , 2.096 , 0.409 , 0.13 , 0.46 , 0.18 , 1.26 , 0.41 , 2.44 , Medium 
120,NOC,NORTHROP GRUMMAN CORP /DE/,Manufacturing,Industrial Goods, 2.48 , Medium ,2020-06-30,2,2020," 13,179.0 "," 43,475.0 "," 9,727.0 "," 33,763.0 "," 9,652.0 "," 9,712.0 "," 3,452.0 "," 33,841.0 "," 17,504.0 "," 16,645.0 "," 34,700.0 "," 3,969.0 "," 1,928.0 "," 1,882.0 "," 4,015.0 ", 167.9 ,326.01," 54,737.08 ", 1.20 , 1.40 , 3.30 , 0.60 , 1.00 , 0.079 , 0.222 , 0.092 , 1.621 , 0.798 , 0.10 , 0.31 , 0.30 , 0.97 , 0.80 , 2.48 , Medium 
121,BLL,BALL CORP,Manufacturing,Consumer Goods, 2.43 , Medium ,2020-03-31,1,2020," 4,241.0 "," 16,545.0 "," 4,003.0 "," 13,845.0 "," 5,777.0 "," 2,630.0 ", 238.0 ," 11,474.0 "," 2,785.0 "," 2,785.0 "," 11,474.0 ", 932.0 , 155.0 , 221.0 , 866.0 , 332.3 ,73.45," 24,409.34 ", 1.20 , 1.40 , 3.30 , 0.60 , 1.00 , 0.014 , 0.349 , 0.052 , 1.763 , 0.694 , 0.02 , 0.49 , 0.17 , 1.06 , 0.69 , 2.43 , Medium 
122,HOLX,HOLOGIC INC,Manufacturing,Healthcare Products, 2.63 , Medium ,2020-06-27,3,2020," 1,982.8 "," 6,803.1 "," 1,345.7 "," 4,544.5 "," (2,068.1)"," 2,255.1 ", 637.1 ," 3,367.3 "," 2,429.5 "," 2,501.4 "," 3,295.4 ", (123.8), 498.0 , 337.3 , 36.9 , 265.1 ,69.71," 18,479.56 ", 1.20 , 1.40 , 3.30 , 0.60 , 1.00 , 0.094 , (0.304), 0.005 , 4.066 , 0.484 , 0.11 , (0.43), 0.02 , 2.44 , 0.48 , 2.63 , Medium 
123,GLW,CORNING INC /NY,Manufacturing,Industrial Goods, 2.32 , Medium ,2020-06-30,3,2020," 6,846.0 "," 27,546.0 "," 3,020.0 "," 15,413.0 "," 15,847.0 "," 12,049.0 "," 3,826.0 "," 11,503.0 "," 4,952.0 "," 5,752.0 "," 10,703.0 "," 1,306.0 ", (224.0), 794.0 , 288.0 , 760.0 ,31.12," 23,651.20 ", 1.20 , 1.40 , 3.30 , 0.60 , 1.00 , 0.139 , 0.575 , 0.010 , 1.534 , 0.389 , 0.17 , 0.81 , 0.03 , 0.92 , 0.39 , 2.32 , Medium 
124,SEE,SEALED AIR CORP/DE,Manufacturing,Consumer Goods, 2.35 , Medium ,2020-03-31,1,2020," 1,560.2 "," 5,671.0 "," 1,367.8 "," 5,852.9 "," 2,099.9 ", (181.9), 192.4 ," 4,791.1 "," 1,173.9 "," 1,112.7 "," 4,852.3 ", 578.5 , 186.8 , 141.1 , 624.2 , 154.8 ,35.85," 5,549.58 ", 1.20 , 1.40 , 3.30 , 0.60 , 1.00 , 0.034 , 0.370 , 0.110 , 0.948 , 0.856 , 0.04 , 0.52 , 0.36 , 0.57 , 0.85 , 2.35 , Medium 
125,TXT,TEXTRON INC,Manufacturing,Industrial Goods, 2.36 , Medium ,2020-04-04,1,2020," 9,366.0 "," 15,946.0 "," 4,515.0 "," 10,412.0 "," 5,727.0 "," 5,534.0 "," 4,851.0 "," 13,630.0 "," 2,777.0 "," 3,109.0 "," 13,298.0 "," 1,113.0 ", 109.0 , 254.0 , 968.0 , 228.9 ,35.14," 8,044.49 ", 1.20 , 1.40 , 3.30 , 0.60 , 1.00 , 0.304 , 0.359 , 0.061 , 0.773 , 0.834 , 0.37 , 0.50 , 0.20 , 0.46 , 0.83 , 2.36 , Medium 
126,MDLZ,"MONDELEZ INTERNATIONAL, INC.",Manufacturing,"Food, Beverage & Tobacco", 2.31 , Medium ,2020-06-30,2,2020," 7,995.0 "," 64,194.0 "," 14,539.0 "," 38,097.0 "," 27,040.0 "," 26,018.0 "," (6,544.0)"," 25,868.0 "," 12,618.0 "," 12,600.0 "," 25,886.0 "," 3,859.0 "," 1,633.0 "," 2,049.0 "," 3,443.0 "," 1,442.0 ",55.77," 80,420.34 ", 1.20 , 1.40 , 3.30 , 0.60 , 1.00 , (0.102), 0.421 , 0.054 , 2.111 , 0.403 , (0.12), 0.59 , 0.18 , 1.27 , 0.40 , 2.31 , Medium 
127,ABBV,ABBVIE INC.,Manufacturing,Healthcare Products, 2.29 , Medium ,2020-03-31,1,2020," 51,758.0 "," 91,199.0 "," 16,471.0 "," 98,614.0 "," 5,973.0 "," (7,415.0)"," 35,287.0 "," 33,266.0 "," 8,619.0 "," 7,828.0 "," 34,057.0 "," 12,983.0 "," 3,603.0 "," 3,010.0 "," 13,576.0 "," 1,484.0 ",96.04," 142,523.36 ", 1.20 , 1.40 , 3.30 , 0.60 , 1.00 , 0.387 , 0.065 , 0.149 , 1.445 , 0.373 , 0.46 , 0.09 , 0.49 , 0.87 , 0.37 , 2.29 , Medium 
128,DE,DEERE & CO,Manufacturing,Industrial Goods, 2.29 , Medium ,2020-05-03,2,2020," 54,868.0 "," 77,326.0 "," 20,342.0 "," 65,461.0 "," 30,556.0 "," 11,864.0 "," 34,526.0 "," 39,258.0 "," 16,884.0 "," 19,326.0 "," 36,816.0 "," 5,554.0 "," 2,175.0 "," 2,855.0 "," 4,874.0 ", 316.7 ,178.04," 56,385.27 ", 1.20 , 1.40 , 3.30 , 0.60 , 1.00 , 0.446 , 0.395 , 0.063 , 0.861 , 0.476 , 0.54 , 0.55 , 0.21 , 0.52 , 0.48 , 2.29 , Medium 
129,ZBH,"ZIMMER BIOMET HOLDINGS, INC.",Manufacturing,Healthcare Products, 2.27 , Medium ,2020-03-31,1,2020," 6,370.9 "," 25,512.9 "," 3,779.6 "," 13,630.2 "," 9,866.2 "," 11,878.6 "," 2,591.3 "," 7,982.2 "," 1,783.8 "," 1,975.5 "," 7,790.5 "," 1,137.5 ", (456.0), 350.2 , 331.3 , 206.5 ,138.3," 28,558.95 ", 1.20 , 1.40 , 3.30 , 0.60 , 1.00 , 0.102 , 0.387 , 0.013 , 2.095 , 0.305 , 0.12 , 0.54 , 0.04 , 1.26 , 0.31 , 2.27 , Medium 
130,HAS,"HASBRO, INC.",Manufacturing,Consumer Goods, 2.18 , Medium ,2020-06-28,2,2020," 3,185.7 "," 10,222.1 "," 1,981.6 "," 7,555.8 "," 4,064.7 "," 2,604.0 "," 1,204.1 "," 4,720.2 "," 1,965.8 "," 1,717.0 "," 4,969.0 ", 652.1 , 138.9 , 164.5 , 626.5 , 137.2 ,73.3," 10,056.25 ", 1.20 , 1.40 , 3.30 , 0.60 , 1.00 , 0.118 , 0.398 , 0.061 , 1.331 , 0.486 , 0.14 , 0.56 , 0.20 , 0.80 , 0.49 , 2.18 , Medium 
131,AMGN,AMGEN INC,Manufacturing,Healthcare Products, 2.25 , Medium ,2020-06-30,2,2020," 22,895.0 "," 65,011.0 "," 10,523.0 "," 54,352.0 "," (20,168.0)"," 10,659.0 "," 12,372.0 "," 23,362.0 "," 12,367.0 "," 11,428.0 "," 24,301.0 "," 9,674.0 "," 4,678.0 "," 5,150.0 "," 9,202.0 ", 593.0 ,246.14," 145,961.02 ", 1.20 , 1.40 , 3.30 , 0.60 , 1.00 , 0.190 , (0.310), 0.142 , 2.685 , 0.374 , 0.23 , (0.43), 0.47 , 1.61 , 0.37 , 2.25 , Medium 
132,SWK,"STANLEY BLACK & DECKER, INC.",Manufacturing,Consumer Goods, 2.25 , Medium ,2020-03-28,1,2020," 5,692.9 "," 22,905.0 "," 5,370.3 "," 13,945.8 "," 6,796.6 "," 8,953.4 ", 322.6 ," 14,442.2 "," 3,129.4 "," 3,333.6 "," 14,238.0 "," 1,361.3 ", 195.8 , 252.6 ," 1,304.5 ", 151.9 ,154.46," 23,462.94 ", 1.20 , 1.40 , 3.30 , 0.60 , 1.00 , 0.014 , 0.297 , 0.057 , 1.682 , 0.622 , 0.02 , 0.42 , 0.19 , 1.01 , 0.62 , 2.25 , Medium 
133,HPQ,HP INC,Manufacturing,Technology Hardware, 2.26 , Medium ,2020-04-30,2,2020," 19,660.0 "," 33,773.0 "," 25,276.0 "," 34,516.0 ", (633.0), (743.0)," (5,616.0)"," 58,756.0 "," 27,087.0 "," 28,746.0 "," 57,097.0 "," 3,912.0 "," 1,694.0 "," 1,875.0 "," 3,731.0 "," 1,450.0 ",17.24," 24,998.00 ", 1.20 , 1.40 , 3.30 , 0.60 , 1.00 , (0.166), (0.019), 0.110 , 0.724 , 1.691 , (0.20), (0.03), 0.36 , 0.43 , 1.69 , 2.26 , Medium 
134,CPB,CAMPBELL SOUP CO,Manufacturing,"Food, Beverage & Tobacco", 2.18 , Medium ,2020-04-26,3,2020," 2,746.0 "," 12,718.0 "," 3,269.0 "," 10,137.0 "," 3,212.0 "," 2,575.0 ", (523.0)," 8,107.0 "," 6,583.0 "," 6,327.0 "," 8,363.0 "," 1,119.0 "," 1,055.0 ", 908.0 ," 1,266.0 ", 304.0 ,49.31," 14,990.24 ", 1.20 , 1.40 , 3.30 , 0.60 , 1.00 , (0.041), 0.253 , 0.100 , 1.479 , 0.658 , (0.05), 0.35 , 0.33 , 0.89 , 0.66 , 2.18 , Medium 
135,WHR,WHIRLPOOL CORP /DE/,Manufacturing,Consumer Goods, 2.17 , Medium ,2020-06-30,2,2020," 7,579.0 "," 18,676.0 "," 7,725.0 "," 14,751.0 "," 7,902.0 "," 3,018.0 ", (146.0)," 20,419.0 "," 8,367.0 "," 9,946.0 "," 18,840.0 "," 1,134.0 ", 337.0 , 533.0 , 938.0 , 63.0 ,163.01," 10,269.63 ", 1.20 , 1.40 , 3.30 , 0.60 , 1.00 , (0.008), 0.423 , 0.050 , 0.696 , 1.009 , (0.01), 0.59 , 0.17 , 0.42 , 1.01 , 2.17 , Medium 
136,HBI,HANESBRANDS INC.,Manufacturing,Consumer Goods, 2.12 , Medium ,2020-06-27,2,2020," 4,031.8 "," 8,113.0 "," 2,002.2 "," 7,033.6 "," 1,404.3 "," 1,079.3 "," 2,029.6 "," 6,966.9 "," 3,055.2 "," 3,349.0 "," 6,673.2 ", 889.7 , 275.7 , 379.2 , 786.2 , 355.1 ,14.26," 5,064.20 ", 1.20 , 1.40 , 3.30 , 0.60 , 1.00 , 0.250 , 0.173 , 0.097 , 0.720 , 0.823 , 0.30 , 0.24 , 0.32 , 0.43 , 0.82 , 2.12 , Medium 
137,BDX,BECTON DICKINSON & CO,Manufacturing,Healthcare Products, 2.14 , Medium ,2020-03-31,2,2020," 8,555.0 "," 53,516.0 "," 8,755.0 "," 32,564.0 "," 12,868.0 "," 20,952.0 ", (200.0)," 17,290.0 "," 8,479.0 "," 8,355.0 "," 17,414.0 "," 1,760.0 ", 871.0 ," 1,024.0 "," 1,607.0 ", 275.2 ,273.84," 75,353.37 ", 1.20 , 1.40 , 3.30 , 0.60 , 1.00 , (0.004), 0.240 , 0.030 , 2.314 , 0.325 , (0.00), 0.34 , 0.10 , 1.39 , 0.33 , 2.14 , Medium 
138,UA,"UNDER ARMOUR, INC.",Manufacturing,Consumer Goods, 2.10 , Medium ,2020-03-31,1,2020," 2,868.0 "," 4,837.6 "," 1,691.5 "," 3,287.4 ", 634.5 ," 1,550.2 "," 1,176.5 "," 5,267.1 ", 930.2 ," 1,204.7 "," 4,992.7 ", 236.8 , (558.2), 35.3 , (356.7), 452.9 ,10.18," 4,610.23 ", 1.20 , 1.40 , 3.30 , 0.60 , 1.00 , 0.243 , 0.131 , (0.074), 1.402 , 1.032 , 0.29 , 0.18 , (0.24), 0.84 , 1.03 , 2.10 , Medium 
139,STX,SEAGATE TECHNOLOGY PLC,Manufacturing,Technology Hardware, 2.10 , Medium ,2020-04-03,3,2020," 4,015.0 "," 8,829.0 "," 2,690.0 "," 7,037.0 "," (4,866.0)"," 1,792.0 "," 1,325.0 "," 10,390.0 "," 7,992.0 "," 8,019.0 "," 10,363.0 "," 1,487.0 "," 1,033.0 "," 1,155.0 "," 1,365.0 ", 266.0 ,44.4," 11,810.40 ", 1.20 , 1.40 , 3.30 , 0.60 , 1.00 , 0.150 , (0.551), 0.155 , 1.678 , 1.174 , 0.18 , (0.77), 0.51 , 1.01 , 1.17 , 2.10 , Medium 
140,MCHP,MICROCHIP TECHNOLOGY INC,Manufacturing,Technology Hardware, 2.07 , Medium ,2020-03-31,4,2020," 2,217.2 "," 17,426.1 "," 1,637.4 "," 11,840.6 "," 3,432.4 "," 5,585.5 ", 579.8 ," 5,274.2 "," 5,274.2 "," 5,349.5 "," 5,274.2 ", 647.1 , 647.1 , 714.3 , 647.1 , 256.2 ,102.25," 26,196.45 ", 1.20 , 1.40 , 3.30 , 0.60 , 1.00 , 0.033 , 0.197 , 0.037 , 2.212 , 0.303 , 0.04 , 0.28 , 0.12 , 1.33 , 0.30 , 2.07 , Medium 
141,NTAP,"NETAPP, INC.",Manufacturing,Technology Hardware, 2.04 , Medium ,2020-04-24,4,2020," 4,274.0 "," 7,522.0 "," 3,616.0 "," 7,280.0 ", -   , 242.0 , 658.0 ," 5,412.0 "," 5,412.0 "," 6,146.0 "," 5,412.0 ", 907.0 , 907.0 ," 1,148.0 ", 907.0 , 233.0 ,42.85," 9,984.05 ", 1.20 , 1.40 , 3.30 , 0.60 , 1.00 , 0.087 , -   , 0.121 , 1.371 , 0.719 , 0.10 , -   , 0.40 , 0.82 , 0.72 , 2.04 , Medium 
142,AVGO,BROADCOM INC.,Manufacturing,Technology Hardware, 1.89 , Medium ,2020-05-03,2,2020," 14,222.0 "," 81,548.0 "," 6,601.0 "," 57,578.0 ", -   ," 23,942.0 "," 7,621.0 "," 22,597.0 "," 11,600.0 "," 11,306.0 "," 22,891.0 "," 3,444.0 "," 1,480.0 "," 1,525.0 "," 3,399.0 ", 419.0 ,312.1," 130,769.90 ", 1.20 , 1.40 , 3.30 , 0.60 , 1.00 , 0.093 , -   , 0.042 , 2.271 , 0.281 , 0.11 , -   , 0.14 , 1.36 , 0.28 , 1.89 , Medium 
143,BMY,BRISTOL MYERS SQUIBB CO,Manufacturing,Healthcare Products, 1.85 , Medium ,2020-03-31,1,2020," 31,853.0 "," 129,285.0 "," 19,232.0 "," 79,308.0 "," 32,671.0 "," 49,911.0 "," 12,621.0 "," 26,145.0 "," 10,781.0 "," 5,920.0 "," 31,006.0 "," 5,913.0 ", 859.0 ," 1,718.0 "," 5,054.0 "," 2,258.0 ",58.87," 132,928.46 ", 1.20 , 1.40 , 3.30 , 0.60 , 1.00 , 0.098 , 0.253 , 0.039 , 1.676 , 0.240 , 0.12 , 0.35 , 0.13 , 1.01 , 0.24 , 1.85 , Medium 
144,SJM,J M SMUCKER CO,Manufacturing,"Food, Beverage & Tobacco", 1.80 , High ,2020-04-30,4,2020," 1,972.7 "," 16,970.4 "," 1,587.1 "," 8,779.5 "," 2,746.8 "," 8,190.9 ", 385.6 ," 7,801.0 "," 7,801.0 "," 7,838.0 "," 7,801.0 "," 1,223.1 "," 1,223.1 ", 928.6 ," 1,223.1 ", 113.4 ,109.35," 12,400.29 ", 1.20 , 1.40 , 3.30 , 0.60 , 1.00 , 0.023 , 0.162 , 0.072 , 1.412 , 0.460 , 0.03 , 0.23 , 0.24 , 0.85 , 0.46 , 1.80 , High 
145,CAG,CONAGRA BRANDS INC.,Manufacturing,"Food, Beverage & Tobacco", 1.80 , High ,2020-05-31,4,2020," 2,885.9 "," 22,304.0 "," 3,287.4 "," 14,353.3 "," 5,471.2 "," 7,876.1 ", (401.5)," 11,054.4 "," 11,054.4 "," 9,538.4 "," 11,054.4 "," 1,457.0 "," 1,457.0 "," 1,214.7 "," 1,457.0 ", 488.6 ,37.37," 18,258.98 ", 1.20 , 1.40 , 3.30 , 0.60 , 1.00 , (0.018), 0.245 , 0.065 , 1.272 , 0.496 , (0.02), 0.34 , 0.22 , 0.76 , 0.50 , 1.80 , High 
146,WAB,WESTINGHOUSE AIR BRAKE TECHNOLOGIES CORP,Manufacturing,Industrial Goods, 1.70 , High ,2020-06-30,2,2020," 3,969.7 "," 18,465.4 "," 3,483.2 "," 8,584.8 "," 3,419.0 "," 9,845.6 ", 486.5 ," 8,200.0 "," 3,667.3 "," 3,829.9 "," 8,037.4 ", 663.1 , 376.7 , 267.9 , 771.9 , 190.8 ,63.09," 12,037.57 ", 1.20 , 1.40 , 3.30 , 0.60 , 1.00 , 0.026 , 0.185 , 0.042 , 1.402 , 0.435 , 0.03 , 0.26 , 0.14 , 0.84 , 0.43 , 1.70 , High 
147,IQV,IQVIA HOLDINGS INC.,Manufacturing,Healthcare Products, 1.71 , High ,2020-06-30,2,2020," 4,208.0 "," 23,183.0 "," 3,843.0 "," 17,331.0 "," 1,057.0 "," 5,591.0 ", 365.0 ," 11,088.0 "," 5,275.0 "," 5,424.0 "," 10,939.0 ", 777.0 , 255.0 , 407.0 , 625.0 , 195.0 ,158.26," 30,860.70 ", 1.20 , 1.40 , 3.30 , 0.60 , 1.00 , 0.016 , 0.046 , 0.027 , 1.781 , 0.472 , 0.02 , 0.06 , 0.09 , 1.07 , 0.47 , 1.71 , High 
148,JNPR,JUNIPER NETWORKS INC,Manufacturing,Technology Hardware, 1.61 , High ,2020-03-31,1,2020," 2,972.7 "," 8,609.5 "," 1,536.5 "," 4,218.8 "," (2,831.4)"," 4,390.7 "," 1,436.2 "," 4,445.4 ", 998.0 ," 1,001.7 "," 4,441.7 ", 442.2 , 39.4 , 42.7 , 438.9 , 335.1 ,24.93," 8,354.04 ", 1.20 , 1.40 , 3.30 , 0.60 , 1.00 , 0.167 , (0.329), 0.051 , 1.980 , 0.516 , 0.20 , (0.46), 0.17 , 1.19 , 0.52 , 1.61 , High 
149,WDC,WESTERN DIGITAL CORP,Manufacturing,Technology Hardware, 1.61 , High ,2020-04-03,3,2020," 8,553.0 "," 25,509.0 "," 4,471.0 "," 16,266.0 "," 6,578.0 "," 9,243.0 "," 4,082.0 "," 16,569.0 "," 12,449.0 "," 12,935.0 "," 16,083.0 ", 87.0 , 74.0 , 468.0 , (307.0), 298.0 ,42.76," 12,742.48 ", 1.20 , 1.40 , 3.30 , 0.60 , 1.00 , 0.160 , 0.258 , (0.012), 0.783 , 0.630 , 0.19 , 0.36 , (0.04), 0.47 , 0.63 , 1.61 , High 
150,JCI,JOHNSON CONTROLS INTERNATIONAL PLC,Manufacturing,Industrial Goods, 1.59 , High ,2020-03-31,2,2020," 9,955.0 "," 40,402.0 "," 9,509.0 "," 21,314.0 "," 3,332.0 "," 18,084.0 ", 446.0 ," 23,968.0 "," 11,020.0 "," 11,243.0 "," 23,745.0 ", 864.0 , 442.0 , 490.0 , 816.0 , 765.6 ,37.24," 28,510.94 ", 1.20 , 1.40 , 3.30 , 0.60 , 1.00 , 0.011 , 0.082 , 0.020 , 1.338 , 0.588 , 0.01 , 0.12 , 0.07 , 0.80 , 0.59 , 1.59 , High 
151,IP,INTERNATIONAL PAPER CO /NEW/,Manufacturing,Consumer Goods, 1.46 , High ,2020-03-31,1,2020," 7,215.0 "," 33,215.0 "," 9,342.0 "," 26,354.0 "," 8,062.0 "," 6,857.0 "," (2,127.0)"," 22,376.0 "," 5,352.0 "," 5,643.0 "," 22,085.0 "," 2,300.0 ", 412.0 , 544.0 ," 2,168.0 ", 392.6 ,35.76," 14,039.38 ", 1.20 , 1.40 , 3.30 , 0.60 , 1.00 , (0.064), 0.243 , 0.065 , 0.533 , 0.665 , (0.08), 0.34 , 0.22 , 0.32 , 0.66 , 1.46 , High 
152,TDG,TRANSDIGM GROUP INC,Manufacturing,Industrial Goods, 1.39 , High ,2020-03-28,2,2020," 5,200.0 "," 16,635.0 "," 1,656.0 "," 20,840.0 "," (4,401.0)"," (4,209.0)"," 3,544.0 "," 5,223.2 "," 2,908.0 "," 2,161.0 "," 5,970.2 "," 1,926.5 "," 1,153.0 ", 890.0 ," 2,189.5 ", 57.4 ,433.34," 24,873.72 ", 1.20 , 1.40 , 3.30 , 0.60 , 1.00 , 0.213 , (0.265), 0.132 , 1.194 , 0.359 , 0.26 , (0.37), 0.43 , 0.72 , 0.36 , 1.39 , High 
153,BA,BOEING CO,Manufacturing,Industrial Goods, 1.30 , High ,2020-06-30,2,2020," 130,277.0 "," 162,872.0 "," 92,482.0 "," 174,254.0 "," 47,478.0 "," (11,667.0)"," 37,795.0 "," 76,559.0 "," 28,715.0 "," 38,668.0 "," 66,606.0 "," (2,662.0)"," (4,362.0)"," (1,335.0)"," (5,689.0)", 565.6 ,161.95," 91,598.92 ", 1.20 , 1.40 , 3.30 , 0.60 , 1.00 , 0.232 , 0.292 , (0.035), 0.526 , 0.409 , 0.28 , 0.41 , (0.12), 0.32 , 0.41 , 1.30 , High 
154,PVH,PVH CORP. /DE/,Manufacturing,Consumer Goods, 1.29 , High ,2020-05-03,1,2021," 3,188.3 "," 12,294.2 "," 2,321.6 "," 7,783.2 "," 3,652.5 "," 4,513.4 ", 866.7 ," 9,909.0 "," 1,344.0 "," 2,356.3 "," 8,896.7 ", 549.1 ," (1,207.2)", 131.4 , (789.5), 71.4 ,50.18," 3,582.85 ", 1.20 , 1.40 , 3.30 , 0.60 , 1.00 , 0.070 , 0.297 , (0.064), 0.460 , 0.724 , 0.08 , 0.42 , (0.21), 0.28 , 0.72 , 1.29 , High 
155,PRGO,PERRIGO CO PLC,Manufacturing,Healthcare Products, 1.27 , High ,2020-03-28,1,2020," 3,046.2 "," 11,400.7 "," 1,635.0 "," 5,613.8 "," (1,589.1)"," 5,786.4 "," 1,411.2 "," 4,837.4 "," 1,341.0 "," 1,174.5 "," 5,003.9 ", 204.8 , 145.7 , 102.3 , 248.2 , 137.3 ,54.78," 7,521.29 ", 1.20 , 1.40 , 3.30 , 0.60 , 1.00 , 0.124 , (0.139), 0.022 , 1.340 , 0.439 , 0.15 , (0.20), 0.07 , 0.80 , 0.44 , 1.27 , High 
156,TPR,"TAPESTRY, INC.",Manufacturing,Consumer Goods, 1.16 , High ,2020-03-28,3,2020," 2,131.9 "," 7,743.0 "," 1,138.9 "," 5,189.9 ", (699.0)," 2,553.1 ", 993.0 ," 6,027.1 "," 4,246.6 "," 4,513.4 "," 5,760.3 ", 814.1 , (270.8), 648.6 , (105.3), 280.2 ,13.3," 3,726.66 ", 1.20 , 1.40 , 3.30 , 0.60 , 1.00 , 0.128 , (0.090), (0.014), 0.718 , 0.744 , 0.15 , (0.13), (0.04), 0.43 , 0.74 , 1.16 , High 
157,IR,INGERSOLL RAND INC.,Manufacturing,Industrial Goods, 1.10 , High ,2020-03-31,1,2020," 2,929.4 "," 15,358.3 "," 1,390.0 "," 6,602.8 ", (179.2)," 8,686.2 "," 1,539.4 "," 2,451.9 ", 799.9 , 620.3 ," 2,631.5 ", 275.3 , (66.8), 80.2 , 128.3 , 277.3 ,31.81," 8,820.91 ", 1.20 , 1.40 , 3.30 , 0.60 , 1.00 , 0.100 , (0.012), 0.008 , 1.336 , 0.171 , 0.12 , (0.02), 0.03 , 0.80 , 0.17 , 1.10 , High 
158,MYL,MYLAN N.V.,Manufacturing,Healthcare Products, 1.09 , High ,2020-03-31,1,2020," 6,600.5 "," 30,145.9 "," 5,228.2 "," 18,883.2 "," 6,051.9 "," 11,262.7 "," 1,372.3 "," 11,500.5 "," 2,619.2 "," 2,495.5 "," 11,624.2 ", 715.5 , 184.7 , 24.0 , 876.2 , 517.0 ,16.33," 8,442.61 ", 1.20 , 1.40 , 3.30 , 0.60 , 1.00 , 0.046 , 0.201 , 0.029 , 0.447 , 0.386 , 0.05 , 0.28 , 0.10 , 0.27 , 0.39 , 1.09 , High 
159,TAP,MOLSON COORS BEVERAGE CO,Manufacturing,"Food, Beverage & Tobacco", 1.03 , High ,2020-06-30,2,2020," 2,542.7 "," 28,638.8 "," 3,805.7 "," 15,370.8 "," 7,571.2 "," 13,002.9 "," (1,263.0)"," 10,579.4 "," 4,606.2 "," 5,251.6 "," 9,934.0 ", 764.4 , 365.5 , 690.8 , 439.1 , 217.0 ,37.44," 8,124.48 ", 1.20 , 1.40 , 3.30 , 0.60 , 1.00 , (0.044), 0.264 , 0.015 , 0.529 , 0.347 , (0.05), 0.37 , 0.05 , 0.32 , 0.35 , 1.03 , High 
160,KHC,KRAFT HEINZ CO,Manufacturing,"Food, Beverage & Tobacco", 0.83 , High ,2020-03-28,1,2020," 11,708.0 "," 104,073.0 "," 7,934.0 "," 52,949.0 "," (2,686.0)"," 51,009.0 "," 3,774.0 "," 24,977.0 "," 6,157.0 "," 5,959.0 "," 25,175.0 "," 3,070.0 ", 770.0 , 562.0 ," 3,278.0 "," 1,224.0 ",34.39," 42,093.36 ", 1.20 , 1.40 , 3.30 , 0.60 , 1.00 , 0.036 , (0.026), 0.031 , 0.795 , 0.242 , 0.04 , (0.04), 0.10 , 0.48 , 0.24 , 0.83 , High 
161,F,FORD MOTOR CO,Manufacturing,Automotive, 0.73 , High ,2020-06-30,2,2020," 124,111.0 "," 269,366.0 "," 92,780.0 "," 238,511.0 "," 18,645.0 "," 30,824.0 "," 31,331.0 "," 155,900.0 "," 53,691.0 "," 79,195.0 "," 130,396.0 ", 574.0 ," (4,317.0)"," 1,292.0 "," (5,035.0)"," 3,969.0 ",6.74," 26,751.06 ", 1.20 , 1.40 , 3.30 , 0.60 , 1.00 , 0.116 , 0.069 , (0.019), 0.112 , 0.484 , 0.14 , 0.10 , (0.06), 0.07 , 0.48 , 0.73 , High 
162,GM,GENERAL MOTORS CO,Manufacturing,Automotive, 0.81 , High ,2020-06-30,2,2020," 87,497.0 "," 237,535.0 "," 77,904.0 "," 194,042.0 "," 25,104.0 "," 39,304.0 "," 9,593.0 "," 137,237.0 "," 49,487.0 "," 70,938.0 "," 115,786.0 "," 5,481.0 ", (557.0)," 3,731.0 "," 1,193.0 "," 1,432.0 ",25.2," 36,086.40 ", 1.20 , 1.40 , 3.30 , 0.60 , 1.00 , 0.040 , 0.106 , 0.005 , 0.186 , 0.487 , 0.05 , 0.15 , 0.02 , 0.11 , 0.49 , 0.81 , High 
163,NWL,NEWELL BRANDS INC.,Manufacturing,Consumer Goods, 0.38 , High ,2020-03-31,1,2020," 3,917.0 "," 13,903.0 "," 2,951.0 "," 10,424.0 "," (3,683.0)"," 3,454.0 ", 966.0 ," 9,714.9 "," 1,886.0 "," 2,042.0 "," 9,558.9 ", (481.7)," (1,408.0)", 12.0 ," (1,901.7)", 423.8 ,17.72," 7,509.74 ", 1.20 , 1.40 , 3.30 , 0.60 , 1.00 , 0.069 , (0.265), (0.137), 0.720 , 0.688 , 0.08 , (0.37), (0.45), 0.43 , 0.69 , 0.38 , High 
164,COTY,COTY INC.,Manufacturing,Consumer Goods, (0.30), High ,2020-03-31,3,2020," 3,673.1 "," 18,310.0 "," 3,085.8 "," 14,250.2 "," (4,782.3)"," 3,732.2 ", 587.3 ," 8,648.5 "," 5,815.8 "," 6,533.1 "," 7,931.2 "," (3,471.5)", (181.9), (739.8)," (2,913.6)", 757.7 ,3.82," 2,894.41 ", 1.20 , 1.40 , 3.30 , 0.60 , 1.00 , 0.032 , (0.261), (0.159), 0.203 , 0.433 , 0.04 , (0.37), (0.53), 0.12 , 0.43 , (0.30), High 
